04:21:35|INFO   |M3(a) S3=200 sentences, 560 (sentence, op) jobs
04:21:41|INFO   |  dose_job 0/560
04:22:39|INFO   |  dose_job 200/560
04:22:42|INFO   |  dose_job 400/560
04:22:55|INFO   |dose done 82s
04:23:02|INFO   |  real_job 0/700
04:24:02|INFO   |  real_job 200/700
04:24:03|INFO   |  real_job 400/700
04:24:03|INFO   |  real_job 600/700
04:24:06|INFO   |real clusters done 152s
04:24:07|WARNING|[M3b_arb:M3b_arb:15] failed: HTTP 403: {"error": {"code": "aii_run_budget_exhausted", "message": "AI Inventor per-run OpenRouter budget reached for Test idea: $7.12 of $7.00 spent by this run in that phase. This is AI Inventor's internal l
04:24:07|WARNING|[M3b_arb:M3b_arb:7] failed: HTTP 403: {"error": {"code": "aii_run_budget_exhausted", "message": "AI Inventor per-run OpenRouter budget reached for Test idea: $7.12 of $7.00 spent by this run in that phase. This is AI Inventor's internal l
04:24:07|WARNING|[M3b_arb:M3b_arb:2] failed: HTTP 403: {"error": {"code": "aii_run_budget_exhausted", "message": "AI Inventor per-run OpenRouter budget reached for Test idea: $7.12 of $7.00 spent by this run in that phase. This is AI Inventor's internal l
04:24:07|WARNING|[M3b_arb:M3b_arb:14] failed: HTTP 403: {"error": {"code": "aii_run_budget_exhausted", "message": "AI Inventor per-run OpenRouter budget reached for Test idea: $7.12 of $7.00 spent by this run in that phase. This is AI Inventor's internal l
04:24:07|WARNING|[M3b_arb:M3b_arb:3] failed: HTTP 403: {"error": {"code": "aii_run_budget_exhausted", "message": "AI Inventor per-run OpenRouter budget reached for Test idea: $7.12 of $7.00 spent by this run in that phase. This is AI Inventor's internal l
04:24:07|WARNING|[M3b_arb:M3b_arb:8] failed: HTTP 403: {"error": {"code": "aii_run_budget_exhausted", "message": "AI Inventor per-run OpenRouter budget reached for Test idea: $7.12 of $7.00 spent by this run in that phase. This is AI Inventor's internal l
04:24:07|WARNING|[M3b_arb:M3b_arb:13] failed: HTTP 403: {"error": {"code": "aii_run_budget_exhausted", "message": "AI Inventor per-run OpenRouter budget reached for Test idea: $7.12 of $7.00 spent by this run in that phase. This is AI Inventor's internal l
04:24:07|WARNING|[M3b_arb:M3b_arb:10] failed: HTTP 403: {"error": {"code": "aii_run_budget_exhausted", "message": "AI Inventor per-run OpenRouter budget reached for Test idea: $7.12 of $7.00 spent by this run in that phase. This is AI Inventor's internal l
04:24:07|WARNING|[M3b_arb:M3b_arb:0] failed: HTTP 403: {"error": {"code": "aii_run_budget_exhausted", "message": "AI Inventor per-run OpenRouter budget reached for Test idea: $7.12 of $7.00 spent by this run in that phase. This is AI Inventor's internal l
04:24:07|WARNING|[M3b_arb:M3b_arb:1] failed: HTTP 403: {"error": {"code": "aii_run_budget_exhausted", "message": "AI Inventor per-run OpenRouter budget reached for Test idea: $7.12 of $7.00 spent by this run in that phase. This is AI Inventor's internal l
04:24:07|WARNING|[M3b_arb:M3b_arb:6] failed: HTTP 403: {"error": {"code": "aii_run_budget_exhausted", "message": "AI Inventor per-run OpenRouter budget reached for Test idea: $7.12 of $7.00 spent by this run in that phase. This is AI Inventor's internal l
04:24:07|WARNING|[M3b_arb:M3b_arb:11] failed: HTTP 403: {"error": {"code": "aii_run_budget_exhausted", "message": "AI Inventor per-run OpenRouter budget reached for Test idea: $7.12 of $7.00 spent by this run in that phase. This is AI Inventor's internal l
04:24:07|WARNING|[M3b_arb:M3b_arb:4] failed: HTTP 403: {"error": {"code": "aii_run_budget_exhausted", "message": "AI Inventor per-run OpenRouter budget reached for Test idea: $7.12 of $7.00 spent by this run in that phase. This is AI Inventor's internal l
04:24:07|WARNING|[M3b_arb:M3b_arb:12] failed: HTTP 403: {"error": {"code": "aii_run_budget_exhausted", "message": "AI Inventor per-run OpenRouter budget reached for Test idea: $7.12 of $7.00 spent by this run in that phase. This is AI Inventor's internal l
04:24:07|WARNING|[M3b_arb:M3b_arb:9] failed: HTTP 403: {"error": {"code": "aii_run_budget_exhausted", "message": "AI Inventor per-run OpenRouter budget reached for Test idea: $7.12 of $7.00 spent by this run in that phase. This is AI Inventor's internal l
04:24:07|WARNING|[M3b_arb:M3b_arb:5] failed: HTTP 403: {"error": {"code": "aii_run_budget_exhausted", "message": "AI Inventor per-run OpenRouter budget reached for Test idea: $7.12 of $7.00 spent by this run in that phase. This is AI Inventor's internal l
04:24:07|WARNING|[M3b_arb:M3b_arb:16] failed: HTTP 403: {"error": {"code": "aii_run_budget_exhausted", "message": "AI Inventor per-run OpenRouter budget reached for Test idea: $7.12 of $7.00 spent by this run in that phase. This is AI Inventor's internal l
04:24:07|WARNING|[M3b_arb:M3b_arb:17] failed: HTTP 403: {"error": {"code": "aii_run_budget_exhausted", "message": "AI Inventor per-run OpenRouter budget reached for Test idea: $7.12 of $7.00 spent by this run in that phase. This is AI Inventor's internal l
04:24:07|WARNING|[M3b_arb:M3b_arb:18] failed: HTTP 403: {"error": {"code": "aii_run_budget_exhausted", "message": "AI Inventor per-run OpenRouter budget reached for Test idea: $7.12 of $7.00 spent by this run in that phase. This is AI Inventor's internal l
04:24:07|WARNING|[M3b_arb:M3b_arb:19] failed: HTTP 403: {"error": {"code": "aii_run_budget_exhausted", "message": "AI Inventor per-run OpenRouter budget reached for Test idea: $7.12 of $7.00 spent by this run in that phase. This is AI Inventor's internal l
04:24:07|INFO   |[M3b_arb] pilot $/call 0.000000; 783 uncached -> projected $0.000; spent $0.088 (hard stop $2.7)
04:24:07|WARNING|[M3b_arb:M3b_arb:3] failed: HTTP 403: {"error": {"code": "aii_run_budget_exhausted", "message": "AI Inventor per-run OpenRouter budget reached for Test idea: $7.12 of $7.00 spent by this run in that phase. This is AI Inventor's internal l
04:24:07|WARNING|[M3b_arb:M3b_arb:6] failed: HTTP 403: {"error": {"code": "aii_run_budget_exhausted", "message": "AI Inventor per-run OpenRouter budget reached for Test idea: $7.12 of $7.00 spent by this run in that phase. This is AI Inventor's internal l
04:24:07|WARNING|[M3b_arb:M3b_arb:7] failed: HTTP 403: {"error": {"code": "aii_run_budget_exhausted", "message": "AI Inventor per-run OpenRouter budget reached for Test idea: $7.12 of $7.00 spent by this run in that phase. This is AI Inventor's internal l
04:24:07|WARNING|[M3b_arb:M3b_arb:0] failed: HTTP 403: {"error": {"code": "aii_run_budget_exhausted", "message": "AI Inventor per-run OpenRouter budget reached for Test idea: $7.12 of $7.00 spent by this run in that phase. This is AI Inventor's internal l
04:24:07|WARNING|[M3b_arb:M3b_arb:4] failed: HTTP 403: {"error": {"code": "aii_run_budget_exhausted", "message": "AI Inventor per-run OpenRouter budget reached for Test idea: $7.12 of $7.00 spent by this run in that phase. This is AI Inventor's internal l
04:24:07|WARNING|[M3b_arb:M3b_arb:1] failed: HTTP 403: {"error": {"code": "aii_run_budget_exhausted", "message": "AI Inventor per-run OpenRouter budget reached for Test idea: $7.12 of $7.00 spent by this run in that phase. This is AI Inventor's internal l
04:24:07|WARNING|[M3b_arb:M3b_arb:15] failed: HTTP 403: {"error": {"code": "aii_run_budget_exhausted", "message": "AI Inventor per-run OpenRouter budget reached for Test idea: $7.12 of $7.00 spent by this run in that phase. This is AI Inventor's internal l
04:24:07|WARNING|[M3b_arb:M3b_arb:12] failed: HTTP 403: {"error": {"code": "aii_run_budget_exhausted", "message": "AI Inventor per-run OpenRouter budget reached for Test idea: $7.12 of $7.00 spent by this run in that phase. This is AI Inventor's internal l
04:24:07|WARNING|[M3b_arb:M3b_arb:9] failed: HTTP 403: {"error": {"code": "aii_run_budget_exhausted", "message": "AI Inventor per-run OpenRouter budget reached for Test idea: $7.12 of $7.00 spent by this run in that phase. This is AI Inventor's internal l
04:24:07|WARNING|[M3b_arb:M3b_arb:2] failed: HTTP 403: {"error": {"code": "aii_run_budget_exhausted", "message": "AI Inventor per-run OpenRouter budget reached for Test idea: $7.12 of $7.00 spent by this run in that phase. This is AI Inventor's internal l
04:24:07|WARNING|[M3b_arb:M3b_arb:8] failed: HTTP 403: {"error": {"code": "aii_run_budget_exhausted", "message": "AI Inventor per-run OpenRouter budget reached for Test idea: $7.12 of $7.00 spent by this run in that phase. This is AI Inventor's internal l
04:24:07|WARNING|[M3b_arb:M3b_arb:10] failed: HTTP 403: {"error": {"code": "aii_run_budget_exhausted", "message": "AI Inventor per-run OpenRouter budget reached for Test idea: $7.12 of $7.00 spent by this run in that phase. This is AI Inventor's internal l
04:24:07|WARNING|[M3b_arb:M3b_arb:5] failed: HTTP 403: {"error": {"code": "aii_run_budget_exhausted", "message": "AI Inventor per-run OpenRouter budget reached for Test idea: $7.12 of $7.00 spent by this run in that phase. This is AI Inventor's internal l
04:24:07|WARNING|[M3b_arb:M3b_arb:13] failed: HTTP 403: {"error": {"code": "aii_run_budget_exhausted", "message": "AI Inventor per-run OpenRouter budget reached for Test idea: $7.12 of $7.00 spent by this run in that phase. This is AI Inventor's internal l
04:24:07|WARNING|[M3b_arb:M3b_arb:14] failed: HTTP 403: {"error": {"code": "aii_run_budget_exhausted", "message": "AI Inventor per-run OpenRouter budget reached for Test idea: $7.12 of $7.00 spent by this run in that phase. This is AI Inventor's internal l
04:24:07|WARNING|[M3b_arb:M3b_arb:11] failed: HTTP 403: {"error": {"code": "aii_run_budget_exhausted", "message": "AI Inventor per-run OpenRouter budget reached for Test idea: $7.12 of $7.00 spent by this run in that phase. This is AI Inventor's internal l
04:24:07|WARNING|[M3b_arb:M3b_arb:17] failed: HTTP 403: {"error": {"code": "aii_run_budget_exhausted", "message": "AI Inventor per-run OpenRouter budget reached for Test idea: $7.12 of $7.00 spent by this run in that phase. This is AI Inventor's internal l
04:24:07|WARNING|[M3b_arb:M3b_arb:20] failed: HTTP 403: {"error": {"code": "aii_run_budget_exhausted", "message": "AI Inventor per-run OpenRouter budget reached for Test idea: $7.12 of $7.00 spent by this run in that phase. This is AI Inventor's internal l
04:24:07|WARNING|[M3b_arb:M3b_arb:19] failed: HTTP 403: {"error": {"code": "aii_run_budget_exhausted", "message": "AI Inventor per-run OpenRouter budget reached for Test idea: $7.12 of $7.00 spent by this run in that phase. This is AI Inventor's internal l
04:24:07|WARNING|[M3b_arb:M3b_arb:16] failed: HTTP 403: {"error": {"code": "aii_run_budget_exhausted", "message": "AI Inventor per-run OpenRouter budget reached for Test idea: $7.12 of $7.00 spent by this run in that phase. This is AI Inventor's internal l
04:24:07|WARNING|[M3b_arb:M3b_arb:18] failed: HTTP 403: {"error": {"code": "aii_run_budget_exhausted", "message": "AI Inventor per-run OpenRouter budget reached for Test idea: $7.12 of $7.00 spent by this run in that phase. This is AI Inventor's internal l
04:24:07|WARNING|[M3b_arb:M3b_arb:21] failed: HTTP 403: {"error": {"code": "aii_run_budget_exhausted", "message": "AI Inventor per-run OpenRouter budget reached for Test idea: $7.12 of $7.00 spent by this run in that phase. This is AI Inventor's internal l
04:24:07|WARNING|[M3b_arb:M3b_arb:22] failed: HTTP 403: {"error": {"code": "aii_run_budget_exhausted", "message": "AI Inventor per-run OpenRouter budget reached for Test idea: $7.12 of $7.00 spent by this run in that phase. This is AI Inventor's internal l
04:24:07|WARNING|[M3b_arb:M3b_arb:23] failed: HTTP 403: {"error": {"code": "aii_run_budget_exhausted", "message": "AI Inventor per-run OpenRouter budget reached for Test idea: $7.12 of $7.00 spent by this run in that phase. This is AI Inventor's internal l
04:24:07|WARNING|[M3b_arb:M3b_arb:29] failed: HTTP 403: {"error": {"code": "aii_run_budget_exhausted", "message": "AI Inventor per-run OpenRouter budget reached for Test idea: $7.12 of $7.00 spent by this run in that phase. This is AI Inventor's internal l
04:24:07|WARNING|[M3b_arb:M3b_arb:26] failed: HTTP 403: {"error": {"code": "aii_run_budget_exhausted", "message": "AI Inventor per-run OpenRouter budget reached for Test idea: $7.12 of $7.00 spent by this run in that phase. This is AI Inventor's internal l
04:24:07|WARNING|[M3b_arb:M3b_arb:24] failed: HTTP 403: {"error": {"code": "aii_run_budget_exhausted", "message": "AI Inventor per-run OpenRouter budget reached for Test idea: $7.12 of $7.00 spent by this run in that phase. This is AI Inventor's internal l
04:24:07|WARNING|[M3b_arb:M3b_arb:27] failed: HTTP 403: {"error": {"code": "aii_run_budget_exhausted", "message": "AI Inventor per-run OpenRouter budget reached for Test idea: $7.12 of $7.00 spent by this run in that phase. This is AI Inventor's internal l
04:24:07|WARNING|[M3b_arb:M3b_arb:31] failed: HTTP 403: {"error": {"code": "aii_run_budget_exhausted", "message": "AI Inventor per-run OpenRouter budget reached for Test idea: $7.12 of $7.00 spent by this run in that phase. This is AI Inventor's internal l
04:24:07|WARNING|[M3b_arb:M3b_arb:25] failed: HTTP 403: {"error": {"code": "aii_run_budget_exhausted", "message": "AI Inventor per-run OpenRouter budget reached for Test idea: $7.12 of $7.00 spent by this run in that phase. This is AI Inventor's internal l
04:24:07|WARNING|[M3b_arb:M3b_arb:28] failed: HTTP 403: {"error": {"code": "aii_run_budget_exhausted", "message": "AI Inventor per-run OpenRouter budget reached for Test idea: $7.12 of $7.00 spent by this run in that phase. This is AI Inventor's internal l
04:24:07|WARNING|[M3b_arb:M3b_arb:30] failed: HTTP 403: {"error": {"code": "aii_run_budget_exhausted", "message": "AI Inventor per-run OpenRouter budget reached for Test idea: $7.12 of $7.00 spent by this run in that phase. This is AI Inventor's internal l
04:24:07|WARNING|[M3b_arb:M3b_arb:32] failed: HTTP 403: {"error": {"code": "aii_run_budget_exhausted", "message": "AI Inventor per-run OpenRouter budget reached for Test idea: $7.12 of $7.00 spent by this run in that phase. This is AI Inventor's internal l
04:24:08|WARNING|[M3b_arb:M3b_arb:34] failed: HTTP 403: {"error": {"code": "aii_run_budget_exhausted", "message": "AI Inventor per-run OpenRouter budget reached for Test idea: $7.12 of $7.00 spent by this run in that phase. This is AI Inventor's internal l
04:24:08|WARNING|[M3b_arb:M3b_arb:36] failed: HTTP 403: {"error": {"code": "aii_run_budget_exhausted", "message": "AI Inventor per-run OpenRouter budget reached for Test idea: $7.12 of $7.00 spent by this run in that phase. This is AI Inventor's internal l
04:24:08|WARNING|[M3b_arb:M3b_arb:33] failed: HTTP 403: {"error": {"code": "aii_run_budget_exhausted", "message": "AI Inventor per-run OpenRouter budget reached for Test idea: $7.12 of $7.00 spent by this run in that phase. This is AI Inventor's internal l
04:24:08|WARNING|[M3b_arb:M3b_arb:37] failed: HTTP 403: {"error": {"code": "aii_run_budget_exhausted", "message": "AI Inventor per-run OpenRouter budget reached for Test idea: $7.12 of $7.00 spent by this run in that phase. This is AI Inventor's internal l
04:24:08|WARNING|[M3b_arb:M3b_arb:39] failed: HTTP 403: {"error": {"code": "aii_run_budget_exhausted", "message": "AI Inventor per-run OpenRouter budget reached for Test idea: $7.12 of $7.00 spent by this run in that phase. This is AI Inventor's internal l
04:24:08|WARNING|[M3b_arb:M3b_arb:35] failed: HTTP 403: {"error": {"code": "aii_run_budget_exhausted", "message": "AI Inventor per-run OpenRouter budget reached for Test idea: $7.12 of $7.00 spent by this run in that phase. This is AI Inventor's internal l
04:24:08|WARNING|[M3b_arb:M3b_arb:38] failed: HTTP 403: {"error": {"code": "aii_run_budget_exhausted", "message": "AI Inventor per-run OpenRouter budget reached for Test idea: $7.12 of $7.00 spent by this run in that phase. This is AI Inventor's internal l
04:24:08|WARNING|[M3b_arb:M3b_arb:42] failed: HTTP 403: {"error": {"code": "aii_run_budget_exhausted", "message": "AI Inventor per-run OpenRouter budget reached for Test idea: $7.12 of $7.00 spent by this run in that phase. This is AI Inventor's internal l
04:24:08|WARNING|[M3b_arb:M3b_arb:44] failed: HTTP 403: {"error": {"code": "aii_run_budget_exhausted", "message": "AI Inventor per-run OpenRouter budget reached for Test idea: $7.12 of $7.00 spent by this run in that phase. This is AI Inventor's internal l
04:24:08|WARNING|[M3b_arb:M3b_arb:47] failed: HTTP 403: {"error": {"code": "aii_run_budget_exhausted", "message": "AI Inventor per-run OpenRouter budget reached for Test idea: $7.12 of $7.00 spent by this run in that phase. This is AI Inventor's internal l
04:24:08|WARNING|[M3b_arb:M3b_arb:46] failed: HTTP 403: {"error": {"code": "aii_run_budget_exhausted", "message": "AI Inventor per-run OpenRouter budget reached for Test idea: $7.12 of $7.00 spent by this run in that phase. This is AI Inventor's internal l
04:24:08|WARNING|[M3b_arb:M3b_arb:41] failed: HTTP 403: {"error": {"code": "aii_run_budget_exhausted", "message": "AI Inventor per-run OpenRouter budget reached for Test idea: $7.12 of $7.00 spent by this run in that phase. This is AI Inventor's internal l
04:24:08|WARNING|[M3b_arb:M3b_arb:43] failed: HTTP 403: {"error": {"code": "aii_run_budget_exhausted", "message": "AI Inventor per-run OpenRouter budget reached for Test idea: $7.12 of $7.00 spent by this run in that phase. This is AI Inventor's internal l
04:24:08|WARNING|[M3b_arb:M3b_arb:45] failed: HTTP 403: {"error": {"code": "aii_run_budget_exhausted", "message": "AI Inventor per-run OpenRouter budget reached for Test idea: $7.12 of $7.00 spent by this run in that phase. This is AI Inventor's internal l
04:24:08|WARNING|[M3b_arb:M3b_arb:40] failed: HTTP 403: {"error": {"code": "aii_run_budget_exhausted", "message": "AI Inventor per-run OpenRouter budget reached for Test idea: $7.12 of $7.00 spent by this run in that phase. This is AI Inventor's internal l
04:24:08|WARNING|[M3b_arb:M3b_arb:49] failed: HTTP 403: {"error": {"code": "aii_run_budget_exhausted", "message": "AI Inventor per-run OpenRouter budget reached for Test idea: $7.12 of $7.00 spent by this run in that phase. This is AI Inventor's internal l
04:24:08|WARNING|[M3b_arb:M3b_arb:50] failed: HTTP 403: {"error": {"code": "aii_run_budget_exhausted", "message": "AI Inventor per-run OpenRouter budget reached for Test idea: $7.12 of $7.00 spent by this run in that phase. This is AI Inventor's internal l
04:24:08|WARNING|[M3b_arb:M3b_arb:55] failed: HTTP 403: {"error": {"code": "aii_run_budget_exhausted", "message": "AI Inventor per-run OpenRouter budget reached for Test idea: $7.12 of $7.00 spent by this run in that phase. This is AI Inventor's internal l
04:24:08|WARNING|[M3b_arb:M3b_arb:54] failed: HTTP 403: {"error": {"code": "aii_run_budget_exhausted", "message": "AI Inventor per-run OpenRouter budget reached for Test idea: $7.12 of $7.00 spent by this run in that phase. This is AI Inventor's internal l
04:24:08|WARNING|[M3b_arb:M3b_arb:51] failed: HTTP 403: {"error": {"code": "aii_run_budget_exhausted", "message": "AI Inventor per-run OpenRouter budget reached for Test idea: $7.12 of $7.00 spent by this run in that phase. This is AI Inventor's internal l
04:24:08|WARNING|[M3b_arb:M3b_arb:53] failed: HTTP 403: {"error": {"code": "aii_run_budget_exhausted", "message": "AI Inventor per-run OpenRouter budget reached for Test idea: $7.12 of $7.00 spent by this run in that phase. This is AI Inventor's internal l
04:24:08|WARNING|[M3b_arb:M3b_arb:48] failed: HTTP 403: {"error": {"code": "aii_run_budget_exhausted", "message": "AI Inventor per-run OpenRouter budget reached for Test idea: $7.12 of $7.00 spent by this run in that phase. This is AI Inventor's internal l
04:24:08|WARNING|[M3b_arb:M3b_arb:52] failed: HTTP 403: {"error": {"code": "aii_run_budget_exhausted", "message": "AI Inventor per-run OpenRouter budget reached for Test idea: $7.12 of $7.00 spent by this run in that phase. This is AI Inventor's internal l
04:24:08|WARNING|[M3b_arb:M3b_arb:56] failed: HTTP 403: {"error": {"code": "aii_run_budget_exhausted", "message": "AI Inventor per-run OpenRouter budget reached for Test idea: $7.12 of $7.00 spent by this run in that phase. This is AI Inventor's internal l
04:24:08|WARNING|[M3b_arb:M3b_arb:57] failed: HTTP 403: {"error": {"code": "aii_run_budget_exhausted", "message": "AI Inventor per-run OpenRouter budget reached for Test idea: $7.12 of $7.00 spent by this run in that phase. This is AI Inventor's internal l
04:24:08|WARNING|[M3b_arb:M3b_arb:58] failed: HTTP 403: {"error": {"code": "aii_run_budget_exhausted", "message": "AI Inventor per-run OpenRouter budget reached for Test idea: $7.12 of $7.00 spent by this run in that phase. This is AI Inventor's internal l
04:24:08|WARNING|[M3b_arb:M3b_arb:59] failed: HTTP 403: {"error": {"code": "aii_run_budget_exhausted", "message": "AI Inventor per-run OpenRouter budget reached for Test idea: $7.12 of $7.00 spent by this run in that phase. This is AI Inventor's internal l
04:24:08|WARNING|[M3b_arb:M3b_arb:62] failed: HTTP 403: {"error": {"code": "aii_run_budget_exhausted", "message": "AI Inventor per-run OpenRouter budget reached for Test idea: $7.12 of $7.00 spent by this run in that phase. This is AI Inventor's internal l
04:24:08|WARNING|[M3b_arb:M3b_arb:60] failed: HTTP 403: {"error": {"code": "aii_run_budget_exhausted", "message": "AI Inventor per-run OpenRouter budget reached for Test idea: $7.12 of $7.00 spent by this run in that phase. This is AI Inventor's internal l
04:24:08|WARNING|[M3b_arb:M3b_arb:61] failed: HTTP 403: {"error": {"code": "aii_run_budget_exhausted", "message": "AI Inventor per-run OpenRouter budget reached for Test idea: $7.12 of $7.00 spent by this run in that phase. This is AI Inventor's internal l
04:24:08|WARNING|[M3b_arb:M3b_arb:64] failed: HTTP 403: {"error": {"code": "aii_run_budget_exhausted", "message": "AI Inventor per-run OpenRouter budget reached for Test idea: $7.12 of $7.00 spent by this run in that phase. This is AI Inventor's internal l
04:24:08|WARNING|[M3b_arb:M3b_arb:65] failed: HTTP 403: {"error": {"code": "aii_run_budget_exhausted", "message": "AI Inventor per-run OpenRouter budget reached for Test idea: $7.12 of $7.00 spent by this run in that phase. This is AI Inventor's internal l
04:24:08|WARNING|[M3b_arb:M3b_arb:63] failed: HTTP 403: {"error": {"code": "aii_run_budget_exhausted", "message": "AI Inventor per-run OpenRouter budget reached for Test idea: $7.12 of $7.00 spent by this run in that phase. This is AI Inventor's internal l
04:24:08|WARNING|[M3b_arb:M3b_arb:67] failed: HTTP 403: {"error": {"code": "aii_run_budget_exhausted", "message": "AI Inventor per-run OpenRouter budget reached for Test idea: $7.12 of $7.00 spent by this run in that phase. This is AI Inventor's internal l
04:24:08|WARNING|[M3b_arb:M3b_arb:71] failed: HTTP 403: {"error": {"code": "aii_run_budget_exhausted", "message": "AI Inventor per-run OpenRouter budget reached for Test idea: $7.12 of $7.00 spent by this run in that phase. This is AI Inventor's internal l
04:24:08|WARNING|[M3b_arb:M3b_arb:68] failed: HTTP 403: {"error": {"code": "aii_run_budget_exhausted", "message": "AI Inventor per-run OpenRouter budget reached for Test idea: $7.12 of $7.00 spent by this run in that phase. This is AI Inventor's internal l
04:24:08|WARNING|[M3b_arb:M3b_arb:69] failed: HTTP 403: {"error": {"code": "aii_run_budget_exhausted", "message": "AI Inventor per-run OpenRouter budget reached for Test idea: $7.12 of $7.00 spent by this run in that phase. This is AI Inventor's internal l
04:24:08|WARNING|[M3b_arb:M3b_arb:66] failed: HTTP 403: {"error": {"code": "aii_run_budget_exhausted", "message": "AI Inventor per-run OpenRouter budget reached for Test idea: $7.12 of $7.00 spent by this run in that phase. This is AI Inventor's internal l
04:24:08|WARNING|[M3b_arb:M3b_arb:72] failed: HTTP 403: {"error": {"code": "aii_run_budget_exhausted", "message": "AI Inventor per-run OpenRouter budget reached for Test idea: $7.12 of $7.00 spent by this run in that phase. This is AI Inventor's internal l
04:24:08|WARNING|[M3b_arb:M3b_arb:70] failed: HTTP 403: {"error": {"code": "aii_run_budget_exhausted", "message": "AI Inventor per-run OpenRouter budget reached for Test idea: $7.12 of $7.00 spent by this run in that phase. This is AI Inventor's internal l
04:24:08|WARNING|[M3b_arb:M3b_arb:73] failed: HTTP 403: {"error": {"code": "aii_run_budget_exhausted", "message": "AI Inventor per-run OpenRouter budget reached for Test idea: $7.12 of $7.00 spent by this run in that phase. This is AI Inventor's internal l
04:24:08|WARNING|[M3b_arb:M3b_arb:77] failed: HTTP 403: {"error": {"code": "aii_run_budget_exhausted", "message": "AI Inventor per-run OpenRouter budget reached for Test idea: $7.12 of $7.00 spent by this run in that phase. This is AI Inventor's internal l
04:24:08|WARNING|[M3b_arb:M3b_arb:78] failed: HTTP 403: {"error": {"code": "aii_run_budget_exhausted", "message": "AI Inventor per-run OpenRouter budget reached for Test idea: $7.12 of $7.00 spent by this run in that phase. This is AI Inventor's internal l
04:24:08|WARNING|[M3b_arb:M3b_arb:79] failed: HTTP 403: {"error": {"code": "aii_run_budget_exhausted", "message": "AI Inventor per-run OpenRouter budget reached for Test idea: $7.12 of $7.00 spent by this run in that phase. This is AI Inventor's internal l
04:24:08|WARNING|[M3b_arb:M3b_arb:74] failed: HTTP 403: {"error": {"code": "aii_run_budget_exhausted", "message": "AI Inventor per-run OpenRouter budget reached for Test idea: $7.12 of $7.00 spent by this run in that phase. This is AI Inventor's internal l
04:24:08|WARNING|[M3b_arb:M3b_arb:75] failed: HTTP 403: {"error": {"code": "aii_run_budget_exhausted", "message": "AI Inventor per-run OpenRouter budget reached for Test idea: $7.12 of $7.00 spent by this run in that phase. This is AI Inventor's internal l
04:24:08|WARNING|[M3b_arb:M3b_arb:76] failed: HTTP 403: {"error": {"code": "aii_run_budget_exhausted", "message": "AI Inventor per-run OpenRouter budget reached for Test idea: $7.12 of $7.00 spent by this run in that phase. This is AI Inventor's internal l
04:24:08|WARNING|[M3b_arb:M3b_arb:80] failed: HTTP 403: {"error": {"code": "aii_run_budget_exhausted", "message": "AI Inventor per-run OpenRouter budget reached for Test idea: $7.12 of $7.00 spent by this run in that phase. This is AI Inventor's internal l
04:24:08|WARNING|[M3b_arb:M3b_arb:82] failed: HTTP 403: {"error": {"code": "aii_run_budget_exhausted", "message": "AI Inventor per-run OpenRouter budget reached for Test idea: $7.12 of $7.00 spent by this run in that phase. This is AI Inventor's internal l
04:24:08|WARNING|[M3b_arb:M3b_arb:83] failed: HTTP 403: {"error": {"code": "aii_run_budget_exhausted", "message": "AI Inventor per-run OpenRouter budget reached for Test idea: $7.12 of $7.00 spent by this run in that phase. This is AI Inventor's internal l
04:24:08|WARNING|[M3b_arb:M3b_arb:81] failed: HTTP 403: {"error": {"code": "aii_run_budget_exhausted", "message": "AI Inventor per-run OpenRouter budget reached for Test idea: $7.12 of $7.00 spent by this run in that phase. This is AI Inventor's internal l
04:24:08|WARNING|[M3b_arb:M3b_arb:86] failed: HTTP 403: {"error": {"code": "aii_run_budget_exhausted", "message": "AI Inventor per-run OpenRouter budget reached for Test idea: $7.12 of $7.00 spent by this run in that phase. This is AI Inventor's internal l
04:24:08|WARNING|[M3b_arb:M3b_arb:87] failed: HTTP 403: {"error": {"code": "aii_run_budget_exhausted", "message": "AI Inventor per-run OpenRouter budget reached for Test idea: $7.12 of $7.00 spent by this run in that phase. This is AI Inventor's internal l
04:24:08|WARNING|[M3b_arb:M3b_arb:85] failed: HTTP 403: {"error": {"code": "aii_run_budget_exhausted", "message": "AI Inventor per-run OpenRouter budget reached for Test idea: $7.12 of $7.00 spent by this run in that phase. This is AI Inventor's internal l
04:24:08|WARNING|[M3b_arb:M3b_arb:84] failed: HTTP 403: {"error": {"code": "aii_run_budget_exhausted", "message": "AI Inventor per-run OpenRouter budget reached for Test idea: $7.12 of $7.00 spent by this run in that phase. This is AI Inventor's internal l
04:24:08|WARNING|[M3b_arb:M3b_arb:89] failed: HTTP 403: {"error": {"code": "aii_run_budget_exhausted", "message": "AI Inventor per-run OpenRouter budget reached for Test idea: $7.12 of $7.00 spent by this run in that phase. This is AI Inventor's internal l
04:24:08|WARNING|[M3b_arb:M3b_arb:88] failed: HTTP 403: {"error": {"code": "aii_run_budget_exhausted", "message": "AI Inventor per-run OpenRouter budget reached for Test idea: $7.12 of $7.00 spent by this run in that phase. This is AI Inventor's internal l
04:24:08|WARNING|[M3b_arb:M3b_arb:91] failed: HTTP 403: {"error": {"code": "aii_run_budget_exhausted", "message": "AI Inventor per-run OpenRouter budget reached for Test idea: $7.12 of $7.00 spent by this run in that phase. This is AI Inventor's internal l
04:24:08|WARNING|[M3b_arb:M3b_arb:90] failed: HTTP 403: {"error": {"code": "aii_run_budget_exhausted", "message": "AI Inventor per-run OpenRouter budget reached for Test idea: $7.12 of $7.00 spent by this run in that phase. This is AI Inventor's internal l
04:24:08|WARNING|[M3b_arb:M3b_arb:93] failed: HTTP 403: {"error": {"code": "aii_run_budget_exhausted", "message": "AI Inventor per-run OpenRouter budget reached for Test idea: $7.12 of $7.00 spent by this run in that phase. This is AI Inventor's internal l
04:24:08|WARNING|[M3b_arb:M3b_arb:92] failed: HTTP 403: {"error": {"code": "aii_run_budget_exhausted", "message": "AI Inventor per-run OpenRouter budget reached for Test idea: $7.12 of $7.00 spent by this run in that phase. This is AI Inventor's internal l
04:24:08|WARNING|[M3b_arb:M3b_arb:94] failed: HTTP 403: {"error": {"code": "aii_run_budget_exhausted", "message": "AI Inventor per-run OpenRouter budget reached for Test idea: $7.12 of $7.00 spent by this run in that phase. This is AI Inventor's internal l
04:24:08|WARNING|[M3b_arb:M3b_arb:96] failed: HTTP 403: {"error": {"code": "aii_run_budget_exhausted", "message": "AI Inventor per-run OpenRouter budget reached for Test idea: $7.12 of $7.00 spent by this run in that phase. This is AI Inventor's internal l
04:24:08|WARNING|[M3b_arb:M3b_arb:95] failed: HTTP 403: {"error": {"code": "aii_run_budget_exhausted", "message": "AI Inventor per-run OpenRouter budget reached for Test idea: $7.12 of $7.00 spent by this run in that phase. This is AI Inventor's internal l
04:24:08|WARNING|[M3b_arb:M3b_arb:97] failed: HTTP 403: {"error": {"code": "aii_run_budget_exhausted", "message": "AI Inventor per-run OpenRouter budget reached for Test idea: $7.12 of $7.00 spent by this run in that phase. This is AI Inventor's internal l
04:24:08|WARNING|[M3b_arb:M3b_arb:98] failed: HTTP 403: {"error": {"code": "aii_run_budget_exhausted", "message": "AI Inventor per-run OpenRouter budget reached for Test idea: $7.12 of $7.00 spent by this run in that phase. This is AI Inventor's internal l
04:24:08|WARNING|[M3b_arb:M3b_arb:102] failed: HTTP 403: {"error": {"code": "aii_run_budget_exhausted", "message": "AI Inventor per-run OpenRouter budget reached for Test idea: $7.12 of $7.00 spent by this run in that phase. This is AI Inventor's internal l
04:24:08|WARNING|[M3b_arb:M3b_arb:99] failed: HTTP 403: {"error": {"code": "aii_run_budget_exhausted", "message": "AI Inventor per-run OpenRouter budget reached for Test idea: $7.12 of $7.00 spent by this run in that phase. This is AI Inventor's internal l
04:24:08|WARNING|[M3b_arb:M3b_arb:100] failed: HTTP 403: {"error": {"code": "aii_run_budget_exhausted", "message": "AI Inventor per-run OpenRouter budget reached for Test idea: $7.12 of $7.00 spent by this run in that phase. This is AI Inventor's internal l
04:24:08|WARNING|[M3b_arb:M3b_arb:104] failed: HTTP 403: {"error": {"code": "aii_run_budget_exhausted", "message": "AI Inventor per-run OpenRouter budget reached for Test idea: $7.12 of $7.00 spent by this run in that phase. This is AI Inventor's internal l
04:24:08|WARNING|[M3b_arb:M3b_arb:101] failed: HTTP 403: {"error": {"code": "aii_run_budget_exhausted", "message": "AI Inventor per-run OpenRouter budget reached for Test idea: $7.12 of $7.00 spent by this run in that phase. This is AI Inventor's internal l
04:24:08|WARNING|[M3b_arb:M3b_arb:103] failed: HTTP 403: {"error": {"code": "aii_run_budget_exhausted", "message": "AI Inventor per-run OpenRouter budget reached for Test idea: $7.12 of $7.00 spent by this run in that phase. This is AI Inventor's internal l
04:24:08|WARNING|[M3b_arb:M3b_arb:105] failed: HTTP 403: {"error": {"code": "aii_run_budget_exhausted", "message": "AI Inventor per-run OpenRouter budget reached for Test idea: $7.12 of $7.00 spent by this run in that phase. This is AI Inventor's internal l
04:24:08|WARNING|[M3b_arb:M3b_arb:106] failed: HTTP 403: {"error": {"code": "aii_run_budget_exhausted", "message": "AI Inventor per-run OpenRouter budget reached for Test idea: $7.12 of $7.00 spent by this run in that phase. This is AI Inventor's internal l
04:24:08|WARNING|[M3b_arb:M3b_arb:107] failed: HTTP 403: {"error": {"code": "aii_run_budget_exhausted", "message": "AI Inventor per-run OpenRouter budget reached for Test idea: $7.12 of $7.00 spent by this run in that phase. This is AI Inventor's internal l
04:24:08|WARNING|[M3b_arb:M3b_arb:109] failed: HTTP 403: {"error": {"code": "aii_run_budget_exhausted", "message": "AI Inventor per-run OpenRouter budget reached for Test idea: $7.12 of $7.00 spent by this run in that phase. This is AI Inventor's internal l
04:24:08|WARNING|[M3b_arb:M3b_arb:114] failed: HTTP 403: {"error": {"code": "aii_run_budget_exhausted", "message": "AI Inventor per-run OpenRouter budget reached for Test idea: $7.12 of $7.00 spent by this run in that phase. This is AI Inventor's internal l
04:24:08|WARNING|[M3b_arb:M3b_arb:112] failed: HTTP 403: {"error": {"code": "aii_run_budget_exhausted", "message": "AI Inventor per-run OpenRouter budget reached for Test idea: $7.12 of $7.00 spent by this run in that phase. This is AI Inventor's internal l
04:24:08|WARNING|[M3b_arb:M3b_arb:110] failed: HTTP 403: {"error": {"code": "aii_run_budget_exhausted", "message": "AI Inventor per-run OpenRouter budget reached for Test idea: $7.12 of $7.00 spent by this run in that phase. This is AI Inventor's internal l
04:24:08|WARNING|[M3b_arb:M3b_arb:113] failed: HTTP 403: {"error": {"code": "aii_run_budget_exhausted", "message": "AI Inventor per-run OpenRouter budget reached for Test idea: $7.12 of $7.00 spent by this run in that phase. This is AI Inventor's internal l
04:24:08|WARNING|[M3b_arb:M3b_arb:111] failed: HTTP 403: {"error": {"code": "aii_run_budget_exhausted", "message": "AI Inventor per-run OpenRouter budget reached for Test idea: $7.12 of $7.00 spent by this run in that phase. This is AI Inventor's internal l
04:24:08|WARNING|[M3b_arb:M3b_arb:108] failed: HTTP 403: {"error": {"code": "aii_run_budget_exhausted", "message": "AI Inventor per-run OpenRouter budget reached for Test idea: $7.12 of $7.00 spent by this run in that phase. This is AI Inventor's internal l
04:24:08|WARNING|[M3b_arb:M3b_arb:115] failed: HTTP 403: {"error": {"code": "aii_run_budget_exhausted", "message": "AI Inventor per-run OpenRouter budget reached for Test idea: $7.12 of $7.00 spent by this run in that phase. This is AI Inventor's internal l
04:24:08|WARNING|[M3b_arb:M3b_arb:117] failed: HTTP 403: {"error": {"code": "aii_run_budget_exhausted", "message": "AI Inventor per-run OpenRouter budget reached for Test idea: $7.12 of $7.00 spent by this run in that phase. This is AI Inventor's internal l
04:24:08|WARNING|[M3b_arb:M3b_arb:116] failed: HTTP 403: {"error": {"code": "aii_run_budget_exhausted", "message": "AI Inventor per-run OpenRouter budget reached for Test idea: $7.12 of $7.00 spent by this run in that phase. This is AI Inventor's internal l
04:24:08|WARNING|[M3b_arb:M3b_arb:119] failed: HTTP 403: {"error": {"code": "aii_run_budget_exhausted", "message": "AI Inventor per-run OpenRouter budget reached for Test idea: $7.12 of $7.00 spent by this run in that phase. This is AI Inventor's internal l
04:24:08|WARNING|[M3b_arb:M3b_arb:120] failed: HTTP 403: {"error": {"code": "aii_run_budget_exhausted", "message": "AI Inventor per-run OpenRouter budget reached for Test idea: $7.12 of $7.00 spent by this run in that phase. This is AI Inventor's internal l
04:24:08|WARNING|[M3b_arb:M3b_arb:121] failed: HTTP 403: {"error": {"code": "aii_run_budget_exhausted", "message": "AI Inventor per-run OpenRouter budget reached for Test idea: $7.12 of $7.00 spent by this run in that phase. This is AI Inventor's internal l
04:24:08|WARNING|[M3b_arb:M3b_arb:118] failed: HTTP 403: {"error": {"code": "aii_run_budget_exhausted", "message": "AI Inventor per-run OpenRouter budget reached for Test idea: $7.12 of $7.00 spent by this run in that phase. This is AI Inventor's internal l
04:24:08|WARNING|[M3b_arb:M3b_arb:122] failed: HTTP 403: {"error": {"code": "aii_run_budget_exhausted", "message": "AI Inventor per-run OpenRouter budget reached for Test idea: $7.12 of $7.00 spent by this run in that phase. This is AI Inventor's internal l
04:24:08|WARNING|[M3b_arb:M3b_arb:123] failed: HTTP 403: {"error": {"code": "aii_run_budget_exhausted", "message": "AI Inventor per-run OpenRouter budget reached for Test idea: $7.12 of $7.00 spent by this run in that phase. This is AI Inventor's internal l
04:24:08|WARNING|[M3b_arb:M3b_arb:124] failed: HTTP 403: {"error": {"code": "aii_run_budget_exhausted", "message": "AI Inventor per-run OpenRouter budget reached for Test idea: $7.12 of $7.00 spent by this run in that phase. This is AI Inventor's internal l
04:24:08|WARNING|[M3b_arb:M3b_arb:126] failed: HTTP 403: {"error": {"code": "aii_run_budget_exhausted", "message": "AI Inventor per-run OpenRouter budget reached for Test idea: $7.12 of $7.00 spent by this run in that phase. This is AI Inventor's internal l
04:24:08|WARNING|[M3b_arb:M3b_arb:125] failed: HTTP 403: {"error": {"code": "aii_run_budget_exhausted", "message": "AI Inventor per-run OpenRouter budget reached for Test idea: $7.12 of $7.00 spent by this run in that phase. This is AI Inventor's internal l
04:24:08|WARNING|[M3b_arb:M3b_arb:129] failed: HTTP 403: {"error": {"code": "aii_run_budget_exhausted", "message": "AI Inventor per-run OpenRouter budget reached for Test idea: $7.12 of $7.00 spent by this run in that phase. This is AI Inventor's internal l
04:24:08|WARNING|[M3b_arb:M3b_arb:131] failed: HTTP 403: {"error": {"code": "aii_run_budget_exhausted", "message": "AI Inventor per-run OpenRouter budget reached for Test idea: $7.12 of $7.00 spent by this run in that phase. This is AI Inventor's internal l
04:24:08|WARNING|[M3b_arb:M3b_arb:130] failed: HTTP 403: {"error": {"code": "aii_run_budget_exhausted", "message": "AI Inventor per-run OpenRouter budget reached for Test idea: $7.12 of $7.00 spent by this run in that phase. This is AI Inventor's internal l
04:24:08|WARNING|[M3b_arb:M3b_arb:127] failed: HTTP 403: {"error": {"code": "aii_run_budget_exhausted", "message": "AI Inventor per-run OpenRouter budget reached for Test idea: $7.12 of $7.00 spent by this run in that phase. This is AI Inventor's internal l
04:24:08|WARNING|[M3b_arb:M3b_arb:133] failed: HTTP 403: {"error": {"code": "aii_run_budget_exhausted", "message": "AI Inventor per-run OpenRouter budget reached for Test idea: $7.12 of $7.00 spent by this run in that phase. This is AI Inventor's internal l
04:24:08|WARNING|[M3b_arb:M3b_arb:136] failed: HTTP 403: {"error": {"code": "aii_run_budget_exhausted", "message": "AI Inventor per-run OpenRouter budget reached for Test idea: $7.12 of $7.00 spent by this run in that phase. This is AI Inventor's internal l
04:24:08|WARNING|[M3b_arb:M3b_arb:132] failed: HTTP 403: {"error": {"code": "aii_run_budget_exhausted", "message": "AI Inventor per-run OpenRouter budget reached for Test idea: $7.12 of $7.00 spent by this run in that phase. This is AI Inventor's internal l
04:24:08|WARNING|[M3b_arb:M3b_arb:137] failed: HTTP 403: {"error": {"code": "aii_run_budget_exhausted", "message": "AI Inventor per-run OpenRouter budget reached for Test idea: $7.12 of $7.00 spent by this run in that phase. This is AI Inventor's internal l
04:24:08|WARNING|[M3b_arb:M3b_arb:128] failed: HTTP 403: {"error": {"code": "aii_run_budget_exhausted", "message": "AI Inventor per-run OpenRouter budget reached for Test idea: $7.12 of $7.00 spent by this run in that phase. This is AI Inventor's internal l
04:24:08|WARNING|[M3b_arb:M3b_arb:139] failed: HTTP 403: {"error": {"code": "aii_run_budget_exhausted", "message": "AI Inventor per-run OpenRouter budget reached for Test idea: $7.12 of $7.00 spent by this run in that phase. This is AI Inventor's internal l
04:24:08|WARNING|[M3b_arb:M3b_arb:135] failed: HTTP 403: {"error": {"code": "aii_run_budget_exhausted", "message": "AI Inventor per-run OpenRouter budget reached for Test idea: $7.12 of $7.00 spent by this run in that phase. This is AI Inventor's internal l
04:24:08|WARNING|[M3b_arb:M3b_arb:140] failed: HTTP 403: {"error": {"code": "aii_run_budget_exhausted", "message": "AI Inventor per-run OpenRouter budget reached for Test idea: $7.12 of $7.00 spent by this run in that phase. This is AI Inventor's internal l
04:24:08|WARNING|[M3b_arb:M3b_arb:134] failed: HTTP 403: {"error": {"code": "aii_run_budget_exhausted", "message": "AI Inventor per-run OpenRouter budget reached for Test idea: $7.12 of $7.00 spent by this run in that phase. This is AI Inventor's internal l
04:24:08|WARNING|[M3b_arb:M3b_arb:142] failed: HTTP 403: {"error": {"code": "aii_run_budget_exhausted", "message": "AI Inventor per-run OpenRouter budget reached for Test idea: $7.12 of $7.00 spent by this run in that phase. This is AI Inventor's internal l
04:24:08|WARNING|[M3b_arb:M3b_arb:138] failed: HTTP 403: {"error": {"code": "aii_run_budget_exhausted", "message": "AI Inventor per-run OpenRouter budget reached for Test idea: $7.12 of $7.00 spent by this run in that phase. This is AI Inventor's internal l
04:24:08|WARNING|[M3b_arb:M3b_arb:141] failed: HTTP 403: {"error": {"code": "aii_run_budget_exhausted", "message": "AI Inventor per-run OpenRouter budget reached for Test idea: $7.12 of $7.00 spent by this run in that phase. This is AI Inventor's internal l
04:24:08|WARNING|[M3b_arb:M3b_arb:143] failed: HTTP 403: {"error": {"code": "aii_run_budget_exhausted", "message": "AI Inventor per-run OpenRouter budget reached for Test idea: $7.12 of $7.00 spent by this run in that phase. This is AI Inventor's internal l
04:24:08|WARNING|[M3b_arb:M3b_arb:144] failed: HTTP 403: {"error": {"code": "aii_run_budget_exhausted", "message": "AI Inventor per-run OpenRouter budget reached for Test idea: $7.12 of $7.00 spent by this run in that phase. This is AI Inventor's internal l
04:24:08|WARNING|[M3b_arb:M3b_arb:145] failed: HTTP 403: {"error": {"code": "aii_run_budget_exhausted", "message": "AI Inventor per-run OpenRouter budget reached for Test idea: $7.12 of $7.00 spent by this run in that phase. This is AI Inventor's internal l
04:24:08|WARNING|[M3b_arb:M3b_arb:146] failed: HTTP 403: {"error": {"code": "aii_run_budget_exhausted", "message": "AI Inventor per-run OpenRouter budget reached for Test idea: $7.12 of $7.00 spent by this run in that phase. This is AI Inventor's internal l
04:24:08|WARNING|[M3b_arb:M3b_arb:148] failed: HTTP 403: {"error": {"code": "aii_run_budget_exhausted", "message": "AI Inventor per-run OpenRouter budget reached for Test idea: $7.12 of $7.00 spent by this run in that phase. This is AI Inventor's internal l
04:24:08|WARNING|[M3b_arb:M3b_arb:149] failed: HTTP 403: {"error": {"code": "aii_run_budget_exhausted", "message": "AI Inventor per-run OpenRouter budget reached for Test idea: $7.12 of $7.00 spent by this run in that phase. This is AI Inventor's internal l
04:24:08|WARNING|[M3b_arb:M3b_arb:150] failed: HTTP 403: {"error": {"code": "aii_run_budget_exhausted", "message": "AI Inventor per-run OpenRouter budget reached for Test idea: $7.12 of $7.00 spent by this run in that phase. This is AI Inventor's internal l
04:24:08|WARNING|[M3b_arb:M3b_arb:147] failed: HTTP 403: {"error": {"code": "aii_run_budget_exhausted", "message": "AI Inventor per-run OpenRouter budget reached for Test idea: $7.12 of $7.00 spent by this run in that phase. This is AI Inventor's internal l
04:24:08|WARNING|[M3b_arb:M3b_arb:152] failed: HTTP 403: {"error": {"code": "aii_run_budget_exhausted", "message": "AI Inventor per-run OpenRouter budget reached for Test idea: $7.12 of $7.00 spent by this run in that phase. This is AI Inventor's internal l
04:24:08|WARNING|[M3b_arb:M3b_arb:151] failed: HTTP 403: {"error": {"code": "aii_run_budget_exhausted", "message": "AI Inventor per-run OpenRouter budget reached for Test idea: $7.12 of $7.00 spent by this run in that phase. This is AI Inventor's internal l
04:24:08|WARNING|[M3b_arb:M3b_arb:154] failed: HTTP 403: {"error": {"code": "aii_run_budget_exhausted", "message": "AI Inventor per-run OpenRouter budget reached for Test idea: $7.12 of $7.00 spent by this run in that phase. This is AI Inventor's internal l
04:24:08|WARNING|[M3b_arb:M3b_arb:153] failed: HTTP 403: {"error": {"code": "aii_run_budget_exhausted", "message": "AI Inventor per-run OpenRouter budget reached for Test idea: $7.12 of $7.00 spent by this run in that phase. This is AI Inventor's internal l
04:24:08|WARNING|[M3b_arb:M3b_arb:155] failed: HTTP 403: {"error": {"code": "aii_run_budget_exhausted", "message": "AI Inventor per-run OpenRouter budget reached for Test idea: $7.12 of $7.00 spent by this run in that phase. This is AI Inventor's internal l
04:24:08|WARNING|[M3b_arb:M3b_arb:160] failed: HTTP 403: {"error": {"code": "aii_run_budget_exhausted", "message": "AI Inventor per-run OpenRouter budget reached for Test idea: $7.12 of $7.00 spent by this run in that phase. This is AI Inventor's internal l
04:24:08|WARNING|[M3b_arb:M3b_arb:158] failed: HTTP 403: {"error": {"code": "aii_run_budget_exhausted", "message": "AI Inventor per-run OpenRouter budget reached for Test idea: $7.12 of $7.00 spent by this run in that phase. This is AI Inventor's internal l
04:24:08|WARNING|[M3b_arb:M3b_arb:157] failed: HTTP 403: {"error": {"code": "aii_run_budget_exhausted", "message": "AI Inventor per-run OpenRouter budget reached for Test idea: $7.12 of $7.00 spent by this run in that phase. This is AI Inventor's internal l
04:24:08|WARNING|[M3b_arb:M3b_arb:156] failed: HTTP 403: {"error": {"code": "aii_run_budget_exhausted", "message": "AI Inventor per-run OpenRouter budget reached for Test idea: $7.12 of $7.00 spent by this run in that phase. This is AI Inventor's internal l
04:24:08|WARNING|[M3b_arb:M3b_arb:159] failed: HTTP 403: {"error": {"code": "aii_run_budget_exhausted", "message": "AI Inventor per-run OpenRouter budget reached for Test idea: $7.12 of $7.00 spent by this run in that phase. This is AI Inventor's internal l
04:24:08|WARNING|[M3b_arb:M3b_arb:161] failed: HTTP 403: {"error": {"code": "aii_run_budget_exhausted", "message": "AI Inventor per-run OpenRouter budget reached for Test idea: $7.12 of $7.00 spent by this run in that phase. This is AI Inventor's internal l
04:24:08|WARNING|[M3b_arb:M3b_arb:168] failed: HTTP 403: {"error": {"code": "aii_run_budget_exhausted", "message": "AI Inventor per-run OpenRouter budget reached for Test idea: $7.12 of $7.00 spent by this run in that phase. This is AI Inventor's internal l
04:24:08|WARNING|[M3b_arb:M3b_arb:163] failed: HTTP 403: {"error": {"code": "aii_run_budget_exhausted", "message": "AI Inventor per-run OpenRouter budget reached for Test idea: $7.12 of $7.00 spent by this run in that phase. This is AI Inventor's internal l
04:24:08|WARNING|[M3b_arb:M3b_arb:164] failed: HTTP 403: {"error": {"code": "aii_run_budget_exhausted", "message": "AI Inventor per-run OpenRouter budget reached for Test idea: $7.12 of $7.00 spent by this run in that phase. This is AI Inventor's internal l
04:24:08|WARNING|[M3b_arb:M3b_arb:162] failed: HTTP 403: {"error": {"code": "aii_run_budget_exhausted", "message": "AI Inventor per-run OpenRouter budget reached for Test idea: $7.12 of $7.00 spent by this run in that phase. This is AI Inventor's internal l
04:24:08|WARNING|[M3b_arb:M3b_arb:166] failed: HTTP 403: {"error": {"code": "aii_run_budget_exhausted", "message": "AI Inventor per-run OpenRouter budget reached for Test idea: $7.12 of $7.00 spent by this run in that phase. This is AI Inventor's internal l
04:24:08|WARNING|[M3b_arb:M3b_arb:165] failed: HTTP 403: {"error": {"code": "aii_run_budget_exhausted", "message": "AI Inventor per-run OpenRouter budget reached for Test idea: $7.12 of $7.00 spent by this run in that phase. This is AI Inventor's internal l
04:24:08|WARNING|[M3b_arb:M3b_arb:167] failed: HTTP 403: {"error": {"code": "aii_run_budget_exhausted", "message": "AI Inventor per-run OpenRouter budget reached for Test idea: $7.12 of $7.00 spent by this run in that phase. This is AI Inventor's internal l
04:24:08|WARNING|[M3b_arb:M3b_arb:169] failed: HTTP 403: {"error": {"code": "aii_run_budget_exhausted", "message": "AI Inventor per-run OpenRouter budget reached for Test idea: $7.12 of $7.00 spent by this run in that phase. This is AI Inventor's internal l
04:24:08|WARNING|[M3b_arb:M3b_arb:170] failed: HTTP 403: {"error": {"code": "aii_run_budget_exhausted", "message": "AI Inventor per-run OpenRouter budget reached for Test idea: $7.12 of $7.00 spent by this run in that phase. This is AI Inventor's internal l
04:24:08|WARNING|[M3b_arb:M3b_arb:175] failed: HTTP 403: {"error": {"code": "aii_run_budget_exhausted", "message": "AI Inventor per-run OpenRouter budget reached for Test idea: $7.12 of $7.00 spent by this run in that phase. This is AI Inventor's internal l
04:24:08|WARNING|[M3b_arb:M3b_arb:172] failed: HTTP 403: {"error": {"code": "aii_run_budget_exhausted", "message": "AI Inventor per-run OpenRouter budget reached for Test idea: $7.12 of $7.00 spent by this run in that phase. This is AI Inventor's internal l
04:24:08|WARNING|[M3b_arb:M3b_arb:176] failed: HTTP 403: {"error": {"code": "aii_run_budget_exhausted", "message": "AI Inventor per-run OpenRouter budget reached for Test idea: $7.12 of $7.00 spent by this run in that phase. This is AI Inventor's internal l
04:24:08|WARNING|[M3b_arb:M3b_arb:173] failed: HTTP 403: {"error": {"code": "aii_run_budget_exhausted", "message": "AI Inventor per-run OpenRouter budget reached for Test idea: $7.12 of $7.00 spent by this run in that phase. This is AI Inventor's internal l
04:24:08|WARNING|[M3b_arb:M3b_arb:177] failed: HTTP 403: {"error": {"code": "aii_run_budget_exhausted", "message": "AI Inventor per-run OpenRouter budget reached for Test idea: $7.12 of $7.00 spent by this run in that phase. This is AI Inventor's internal l
04:24:08|WARNING|[M3b_arb:M3b_arb:174] failed: HTTP 403: {"error": {"code": "aii_run_budget_exhausted", "message": "AI Inventor per-run OpenRouter budget reached for Test idea: $7.12 of $7.00 spent by this run in that phase. This is AI Inventor's internal l
04:24:08|WARNING|[M3b_arb:M3b_arb:171] failed: HTTP 403: {"error": {"code": "aii_run_budget_exhausted", "message": "AI Inventor per-run OpenRouter budget reached for Test idea: $7.12 of $7.00 spent by this run in that phase. This is AI Inventor's internal l
04:24:08|WARNING|[M3b_arb:M3b_arb:180] failed: HTTP 403: {"error": {"code": "aii_run_budget_exhausted", "message": "AI Inventor per-run OpenRouter budget reached for Test idea: $7.12 of $7.00 spent by this run in that phase. This is AI Inventor's internal l
04:24:08|WARNING|[M3b_arb:M3b_arb:181] failed: HTTP 403: {"error": {"code": "aii_run_budget_exhausted", "message": "AI Inventor per-run OpenRouter budget reached for Test idea: $7.12 of $7.00 spent by this run in that phase. This is AI Inventor's internal l
04:24:08|WARNING|[M3b_arb:M3b_arb:178] failed: HTTP 403: {"error": {"code": "aii_run_budget_exhausted", "message": "AI Inventor per-run OpenRouter budget reached for Test idea: $7.12 of $7.00 spent by this run in that phase. This is AI Inventor's internal l
04:24:08|WARNING|[M3b_arb:M3b_arb:183] failed: HTTP 403: {"error": {"code": "aii_run_budget_exhausted", "message": "AI Inventor per-run OpenRouter budget reached for Test idea: $7.12 of $7.00 spent by this run in that phase. This is AI Inventor's internal l
04:24:08|WARNING|[M3b_arb:M3b_arb:185] failed: HTTP 403: {"error": {"code": "aii_run_budget_exhausted", "message": "AI Inventor per-run OpenRouter budget reached for Test idea: $7.12 of $7.00 spent by this run in that phase. This is AI Inventor's internal l
04:24:08|WARNING|[M3b_arb:M3b_arb:184] failed: HTTP 403: {"error": {"code": "aii_run_budget_exhausted", "message": "AI Inventor per-run OpenRouter budget reached for Test idea: $7.12 of $7.00 spent by this run in that phase. This is AI Inventor's internal l
04:24:08|WARNING|[M3b_arb:M3b_arb:179] failed: HTTP 403: {"error": {"code": "aii_run_budget_exhausted", "message": "AI Inventor per-run OpenRouter budget reached for Test idea: $7.12 of $7.00 spent by this run in that phase. This is AI Inventor's internal l
04:24:08|WARNING|[M3b_arb:M3b_arb:182] failed: HTTP 403: {"error": {"code": "aii_run_budget_exhausted", "message": "AI Inventor per-run OpenRouter budget reached for Test idea: $7.12 of $7.00 spent by this run in that phase. This is AI Inventor's internal l
04:24:08|WARNING|[M3b_arb:M3b_arb:186] failed: HTTP 403: {"error": {"code": "aii_run_budget_exhausted", "message": "AI Inventor per-run OpenRouter budget reached for Test idea: $7.12 of $7.00 spent by this run in that phase. This is AI Inventor's internal l
04:24:08|WARNING|[M3b_arb:M3b_arb:187] failed: HTTP 403: {"error": {"code": "aii_run_budget_exhausted", "message": "AI Inventor per-run OpenRouter budget reached for Test idea: $7.12 of $7.00 spent by this run in that phase. This is AI Inventor's internal l
04:24:08|WARNING|[M3b_arb:M3b_arb:188] failed: HTTP 403: {"error": {"code": "aii_run_budget_exhausted", "message": "AI Inventor per-run OpenRouter budget reached for Test idea: $7.12 of $7.00 spent by this run in that phase. This is AI Inventor's internal l
04:24:08|WARNING|[M3b_arb:M3b_arb:189] failed: HTTP 403: {"error": {"code": "aii_run_budget_exhausted", "message": "AI Inventor per-run OpenRouter budget reached for Test idea: $7.12 of $7.00 spent by this run in that phase. This is AI Inventor's internal l
04:24:08|WARNING|[M3b_arb:M3b_arb:191] failed: HTTP 403: {"error": {"code": "aii_run_budget_exhausted", "message": "AI Inventor per-run OpenRouter budget reached for Test idea: $7.12 of $7.00 spent by this run in that phase. This is AI Inventor's internal l
04:24:08|WARNING|[M3b_arb:M3b_arb:190] failed: HTTP 403: {"error": {"code": "aii_run_budget_exhausted", "message": "AI Inventor per-run OpenRouter budget reached for Test idea: $7.12 of $7.00 spent by this run in that phase. This is AI Inventor's internal l
04:24:08|WARNING|[M3b_arb:M3b_arb:192] failed: HTTP 403: {"error": {"code": "aii_run_budget_exhausted", "message": "AI Inventor per-run OpenRouter budget reached for Test idea: $7.12 of $7.00 spent by this run in that phase. This is AI Inventor's internal l
04:24:08|WARNING|[M3b_arb:M3b_arb:193] failed: HTTP 403: {"error": {"code": "aii_run_budget_exhausted", "message": "AI Inventor per-run OpenRouter budget reached for Test idea: $7.12 of $7.00 spent by this run in that phase. This is AI Inventor's internal l
04:24:08|WARNING|[M3b_arb:M3b_arb:194] failed: HTTP 403: {"error": {"code": "aii_run_budget_exhausted", "message": "AI Inventor per-run OpenRouter budget reached for Test idea: $7.12 of $7.00 spent by this run in that phase. This is AI Inventor's internal l
04:24:08|WARNING|[M3b_arb:M3b_arb:195] failed: HTTP 403: {"error": {"code": "aii_run_budget_exhausted", "message": "AI Inventor per-run OpenRouter budget reached for Test idea: $7.12 of $7.00 spent by this run in that phase. This is AI Inventor's internal l
04:24:08|WARNING|[M3b_arb:M3b_arb:197] failed: HTTP 403: {"error": {"code": "aii_run_budget_exhausted", "message": "AI Inventor per-run OpenRouter budget reached for Test idea: $7.12 of $7.00 spent by this run in that phase. This is AI Inventor's internal l
04:24:08|WARNING|[M3b_arb:M3b_arb:200] failed: HTTP 403: {"error": {"code": "aii_run_budget_exhausted", "message": "AI Inventor per-run OpenRouter budget reached for Test idea: $7.12 of $7.00 spent by this run in that phase. This is AI Inventor's internal l
04:24:09|WARNING|[M3b_arb:M3b_arb:199] failed: HTTP 403: {"error": {"code": "aii_run_budget_exhausted", "message": "AI Inventor per-run OpenRouter budget reached for Test idea: $7.12 of $7.00 spent by this run in that phase. This is AI Inventor's internal l
04:24:09|WARNING|[M3b_arb:M3b_arb:196] failed: HTTP 403: {"error": {"code": "aii_run_budget_exhausted", "message": "AI Inventor per-run OpenRouter budget reached for Test idea: $7.12 of $7.00 spent by this run in that phase. This is AI Inventor's internal l
04:24:09|WARNING|[M3b_arb:M3b_arb:201] failed: HTTP 403: {"error": {"code": "aii_run_budget_exhausted", "message": "AI Inventor per-run OpenRouter budget reached for Test idea: $7.12 of $7.00 spent by this run in that phase. This is AI Inventor's internal l
04:24:09|WARNING|[M3b_arb:M3b_arb:202] failed: HTTP 403: {"error": {"code": "aii_run_budget_exhausted", "message": "AI Inventor per-run OpenRouter budget reached for Test idea: $7.12 of $7.00 spent by this run in that phase. This is AI Inventor's internal l
04:24:09|WARNING|[M3b_arb:M3b_arb:198] failed: HTTP 403: {"error": {"code": "aii_run_budget_exhausted", "message": "AI Inventor per-run OpenRouter budget reached for Test idea: $7.12 of $7.00 spent by this run in that phase. This is AI Inventor's internal l
04:24:09|WARNING|[M3b_arb:M3b_arb:203] failed: HTTP 403: {"error": {"code": "aii_run_budget_exhausted", "message": "AI Inventor per-run OpenRouter budget reached for Test idea: $7.12 of $7.00 spent by this run in that phase. This is AI Inventor's internal l
04:24:09|WARNING|[M3b_arb:M3b_arb:204] failed: HTTP 403: {"error": {"code": "aii_run_budget_exhausted", "message": "AI Inventor per-run OpenRouter budget reached for Test idea: $7.12 of $7.00 spent by this run in that phase. This is AI Inventor's internal l
04:24:09|WARNING|[M3b_arb:M3b_arb:206] failed: HTTP 403: {"error": {"code": "aii_run_budget_exhausted", "message": "AI Inventor per-run OpenRouter budget reached for Test idea: $7.12 of $7.00 spent by this run in that phase. This is AI Inventor's internal l
04:24:09|WARNING|[M3b_arb:M3b_arb:211] failed: HTTP 403: {"error": {"code": "aii_run_budget_exhausted", "message": "AI Inventor per-run OpenRouter budget reached for Test idea: $7.12 of $7.00 spent by this run in that phase. This is AI Inventor's internal l
04:24:09|WARNING|[M3b_arb:M3b_arb:208] failed: HTTP 403: {"error": {"code": "aii_run_budget_exhausted", "message": "AI Inventor per-run OpenRouter budget reached for Test idea: $7.12 of $7.00 spent by this run in that phase. This is AI Inventor's internal l
04:24:09|WARNING|[M3b_arb:M3b_arb:212] failed: HTTP 403: {"error": {"code": "aii_run_budget_exhausted", "message": "AI Inventor per-run OpenRouter budget reached for Test idea: $7.12 of $7.00 spent by this run in that phase. This is AI Inventor's internal l
04:24:09|WARNING|[M3b_arb:M3b_arb:205] failed: HTTP 403: {"error": {"code": "aii_run_budget_exhausted", "message": "AI Inventor per-run OpenRouter budget reached for Test idea: $7.12 of $7.00 spent by this run in that phase. This is AI Inventor's internal l
04:24:09|WARNING|[M3b_arb:M3b_arb:210] failed: HTTP 403: {"error": {"code": "aii_run_budget_exhausted", "message": "AI Inventor per-run OpenRouter budget reached for Test idea: $7.12 of $7.00 spent by this run in that phase. This is AI Inventor's internal l
04:24:09|WARNING|[M3b_arb:M3b_arb:207] failed: HTTP 403: {"error": {"code": "aii_run_budget_exhausted", "message": "AI Inventor per-run OpenRouter budget reached for Test idea: $7.12 of $7.00 spent by this run in that phase. This is AI Inventor's internal l
04:24:09|WARNING|[M3b_arb:M3b_arb:209] failed: HTTP 403: {"error": {"code": "aii_run_budget_exhausted", "message": "AI Inventor per-run OpenRouter budget reached for Test idea: $7.12 of $7.00 spent by this run in that phase. This is AI Inventor's internal l
04:24:09|WARNING|[M3b_arb:M3b_arb:214] failed: HTTP 403: {"error": {"code": "aii_run_budget_exhausted", "message": "AI Inventor per-run OpenRouter budget reached for Test idea: $7.12 of $7.00 spent by this run in that phase. This is AI Inventor's internal l
04:24:09|WARNING|[M3b_arb:M3b_arb:219] failed: HTTP 403: {"error": {"code": "aii_run_budget_exhausted", "message": "AI Inventor per-run OpenRouter budget reached for Test idea: $7.12 of $7.00 spent by this run in that phase. This is AI Inventor's internal l
04:24:09|WARNING|[M3b_arb:M3b_arb:213] failed: HTTP 403: {"error": {"code": "aii_run_budget_exhausted", "message": "AI Inventor per-run OpenRouter budget reached for Test idea: $7.12 of $7.00 spent by this run in that phase. This is AI Inventor's internal l
04:24:09|WARNING|[M3b_arb:M3b_arb:221] failed: HTTP 403: {"error": {"code": "aii_run_budget_exhausted", "message": "AI Inventor per-run OpenRouter budget reached for Test idea: $7.12 of $7.00 spent by this run in that phase. This is AI Inventor's internal l
04:24:09|WARNING|[M3b_arb:M3b_arb:222] failed: HTTP 403: {"error": {"code": "aii_run_budget_exhausted", "message": "AI Inventor per-run OpenRouter budget reached for Test idea: $7.12 of $7.00 spent by this run in that phase. This is AI Inventor's internal l
04:24:09|WARNING|[M3b_arb:M3b_arb:224] failed: HTTP 403: {"error": {"code": "aii_run_budget_exhausted", "message": "AI Inventor per-run OpenRouter budget reached for Test idea: $7.12 of $7.00 spent by this run in that phase. This is AI Inventor's internal l
04:24:09|WARNING|[M3b_arb:M3b_arb:227] failed: HTTP 403: {"error": {"code": "aii_run_budget_exhausted", "message": "AI Inventor per-run OpenRouter budget reached for Test idea: $7.12 of $7.00 spent by this run in that phase. This is AI Inventor's internal l
04:24:09|WARNING|[M3b_arb:M3b_arb:226] failed: HTTP 403: {"error": {"code": "aii_run_budget_exhausted", "message": "AI Inventor per-run OpenRouter budget reached for Test idea: $7.12 of $7.00 spent by this run in that phase. This is AI Inventor's internal l
04:24:09|WARNING|[M3b_arb:M3b_arb:218] failed: HTTP 403: {"error": {"code": "aii_run_budget_exhausted", "message": "AI Inventor per-run OpenRouter budget reached for Test idea: $7.12 of $7.00 spent by this run in that phase. This is AI Inventor's internal l
04:24:09|WARNING|[M3b_arb:M3b_arb:216] failed: HTTP 403: {"error": {"code": "aii_run_budget_exhausted", "message": "AI Inventor per-run OpenRouter budget reached for Test idea: $7.12 of $7.00 spent by this run in that phase. This is AI Inventor's internal l
04:24:09|WARNING|[M3b_arb:M3b_arb:217] failed: HTTP 403: {"error": {"code": "aii_run_budget_exhausted", "message": "AI Inventor per-run OpenRouter budget reached for Test idea: $7.12 of $7.00 spent by this run in that phase. This is AI Inventor's internal l
04:24:09|WARNING|[M3b_arb:M3b_arb:215] failed: HTTP 403: {"error": {"code": "aii_run_budget_exhausted", "message": "AI Inventor per-run OpenRouter budget reached for Test idea: $7.12 of $7.00 spent by this run in that phase. This is AI Inventor's internal l
04:24:09|WARNING|[M3b_arb:M3b_arb:220] failed: HTTP 403: {"error": {"code": "aii_run_budget_exhausted", "message": "AI Inventor per-run OpenRouter budget reached for Test idea: $7.12 of $7.00 spent by this run in that phase. This is AI Inventor's internal l
04:24:09|WARNING|[M3b_arb:M3b_arb:229] failed: HTTP 403: {"error": {"code": "aii_run_budget_exhausted", "message": "AI Inventor per-run OpenRouter budget reached for Test idea: $7.12 of $7.00 spent by this run in that phase. This is AI Inventor's internal l
04:24:09|WARNING|[M3b_arb:M3b_arb:223] failed: HTTP 403: {"error": {"code": "aii_run_budget_exhausted", "message": "AI Inventor per-run OpenRouter budget reached for Test idea: $7.12 of $7.00 spent by this run in that phase. This is AI Inventor's internal l
04:24:09|WARNING|[M3b_arb:M3b_arb:225] failed: HTTP 403: {"error": {"code": "aii_run_budget_exhausted", "message": "AI Inventor per-run OpenRouter budget reached for Test idea: $7.12 of $7.00 spent by this run in that phase. This is AI Inventor's internal l
04:24:09|WARNING|[M3b_arb:M3b_arb:230] failed: HTTP 403: {"error": {"code": "aii_run_budget_exhausted", "message": "AI Inventor per-run OpenRouter budget reached for Test idea: $7.12 of $7.00 spent by this run in that phase. This is AI Inventor's internal l
04:24:09|WARNING|[M3b_arb:M3b_arb:231] failed: HTTP 403: {"error": {"code": "aii_run_budget_exhausted", "message": "AI Inventor per-run OpenRouter budget reached for Test idea: $7.12 of $7.00 spent by this run in that phase. This is AI Inventor's internal l
04:24:09|WARNING|[M3b_arb:M3b_arb:228] failed: HTTP 403: {"error": {"code": "aii_run_budget_exhausted", "message": "AI Inventor per-run OpenRouter budget reached for Test idea: $7.12 of $7.00 spent by this run in that phase. This is AI Inventor's internal l
04:24:09|WARNING|[M3b_arb:M3b_arb:232] failed: HTTP 403: {"error": {"code": "aii_run_budget_exhausted", "message": "AI Inventor per-run OpenRouter budget reached for Test idea: $7.12 of $7.00 spent by this run in that phase. This is AI Inventor's internal l
04:24:09|WARNING|[M3b_arb:M3b_arb:233] failed: HTTP 403: {"error": {"code": "aii_run_budget_exhausted", "message": "AI Inventor per-run OpenRouter budget reached for Test idea: $7.12 of $7.00 spent by this run in that phase. This is AI Inventor's internal l
04:24:09|WARNING|[M3b_arb:M3b_arb:235] failed: HTTP 403: {"error": {"code": "aii_run_budget_exhausted", "message": "AI Inventor per-run OpenRouter budget reached for Test idea: $7.12 of $7.00 spent by this run in that phase. This is AI Inventor's internal l
04:24:09|WARNING|[M3b_arb:M3b_arb:234] failed: HTTP 403: {"error": {"code": "aii_run_budget_exhausted", "message": "AI Inventor per-run OpenRouter budget reached for Test idea: $7.12 of $7.00 spent by this run in that phase. This is AI Inventor's internal l
04:24:09|WARNING|[M3b_arb:M3b_arb:236] failed: HTTP 403: {"error": {"code": "aii_run_budget_exhausted", "message": "AI Inventor per-run OpenRouter budget reached for Test idea: $7.12 of $7.00 spent by this run in that phase. This is AI Inventor's internal l
04:24:09|WARNING|[M3b_arb:M3b_arb:237] failed: HTTP 403: {"error": {"code": "aii_run_budget_exhausted", "message": "AI Inventor per-run OpenRouter budget reached for Test idea: $7.12 of $7.00 spent by this run in that phase. This is AI Inventor's internal l
04:24:09|WARNING|[M3b_arb:M3b_arb:238] failed: HTTP 403: {"error": {"code": "aii_run_budget_exhausted", "message": "AI Inventor per-run OpenRouter budget reached for Test idea: $7.12 of $7.00 spent by this run in that phase. This is AI Inventor's internal l
04:24:09|WARNING|[M3b_arb:M3b_arb:239] failed: HTTP 403: {"error": {"code": "aii_run_budget_exhausted", "message": "AI Inventor per-run OpenRouter budget reached for Test idea: $7.12 of $7.00 spent by this run in that phase. This is AI Inventor's internal l
04:24:09|WARNING|[M3b_arb:M3b_arb:240] failed: HTTP 403: {"error": {"code": "aii_run_budget_exhausted", "message": "AI Inventor per-run OpenRouter budget reached for Test idea: $7.12 of $7.00 spent by this run in that phase. This is AI Inventor's internal l
04:24:09|WARNING|[M3b_arb:M3b_arb:241] failed: HTTP 403: {"error": {"code": "aii_run_budget_exhausted", "message": "AI Inventor per-run OpenRouter budget reached for Test idea: $7.12 of $7.00 spent by this run in that phase. This is AI Inventor's internal l
04:24:09|WARNING|[M3b_arb:M3b_arb:249] failed: HTTP 403: {"error": {"code": "aii_run_budget_exhausted", "message": "AI Inventor per-run OpenRouter budget reached for Test idea: $7.12 of $7.00 spent by this run in that phase. This is AI Inventor's internal l
04:24:09|WARNING|[M3b_arb:M3b_arb:246] failed: HTTP 403: {"error": {"code": "aii_run_budget_exhausted", "message": "AI Inventor per-run OpenRouter budget reached for Test idea: $7.12 of $7.00 spent by this run in that phase. This is AI Inventor's internal l
04:24:09|WARNING|[M3b_arb:M3b_arb:243] failed: HTTP 403: {"error": {"code": "aii_run_budget_exhausted", "message": "AI Inventor per-run OpenRouter budget reached for Test idea: $7.12 of $7.00 spent by this run in that phase. This is AI Inventor's internal l
04:24:09|WARNING|[M3b_arb:M3b_arb:250] failed: HTTP 403: {"error": {"code": "aii_run_budget_exhausted", "message": "AI Inventor per-run OpenRouter budget reached for Test idea: $7.12 of $7.00 spent by this run in that phase. This is AI Inventor's internal l
04:24:09|WARNING|[M3b_arb:M3b_arb:251] failed: HTTP 403: {"error": {"code": "aii_run_budget_exhausted", "message": "AI Inventor per-run OpenRouter budget reached for Test idea: $7.12 of $7.00 spent by this run in that phase. This is AI Inventor's internal l
04:24:09|WARNING|[M3b_arb:M3b_arb:245] failed: HTTP 403: {"error": {"code": "aii_run_budget_exhausted", "message": "AI Inventor per-run OpenRouter budget reached for Test idea: $7.12 of $7.00 spent by this run in that phase. This is AI Inventor's internal l
04:24:09|WARNING|[M3b_arb:M3b_arb:248] failed: HTTP 403: {"error": {"code": "aii_run_budget_exhausted", "message": "AI Inventor per-run OpenRouter budget reached for Test idea: $7.12 of $7.00 spent by this run in that phase. This is AI Inventor's internal l
04:24:09|WARNING|[M3b_arb:M3b_arb:247] failed: HTTP 403: {"error": {"code": "aii_run_budget_exhausted", "message": "AI Inventor per-run OpenRouter budget reached for Test idea: $7.12 of $7.00 spent by this run in that phase. This is AI Inventor's internal l
04:24:09|WARNING|[M3b_arb:M3b_arb:244] failed: HTTP 403: {"error": {"code": "aii_run_budget_exhausted", "message": "AI Inventor per-run OpenRouter budget reached for Test idea: $7.12 of $7.00 spent by this run in that phase. This is AI Inventor's internal l
04:24:09|WARNING|[M3b_arb:M3b_arb:252] failed: HTTP 403: {"error": {"code": "aii_run_budget_exhausted", "message": "AI Inventor per-run OpenRouter budget reached for Test idea: $7.12 of $7.00 spent by this run in that phase. This is AI Inventor's internal l
04:24:09|WARNING|[M3b_arb:M3b_arb:242] failed: HTTP 403: {"error": {"code": "aii_run_budget_exhausted", "message": "AI Inventor per-run OpenRouter budget reached for Test idea: $7.12 of $7.00 spent by this run in that phase. This is AI Inventor's internal l
04:24:09|WARNING|[M3b_arb:M3b_arb:254] failed: HTTP 403: {"error": {"code": "aii_run_budget_exhausted", "message": "AI Inventor per-run OpenRouter budget reached for Test idea: $7.12 of $7.00 spent by this run in that phase. This is AI Inventor's internal l
04:24:09|WARNING|[M3b_arb:M3b_arb:253] failed: HTTP 403: {"error": {"code": "aii_run_budget_exhausted", "message": "AI Inventor per-run OpenRouter budget reached for Test idea: $7.12 of $7.00 spent by this run in that phase. This is AI Inventor's internal l
04:24:09|WARNING|[M3b_arb:M3b_arb:255] failed: HTTP 403: {"error": {"code": "aii_run_budget_exhausted", "message": "AI Inventor per-run OpenRouter budget reached for Test idea: $7.12 of $7.00 spent by this run in that phase. This is AI Inventor's internal l
04:24:09|WARNING|[M3b_arb:M3b_arb:256] failed: HTTP 403: {"error": {"code": "aii_run_budget_exhausted", "message": "AI Inventor per-run OpenRouter budget reached for Test idea: $7.12 of $7.00 spent by this run in that phase. This is AI Inventor's internal l
04:24:09|WARNING|[M3b_arb:M3b_arb:259] failed: HTTP 403: {"error": {"code": "aii_run_budget_exhausted", "message": "AI Inventor per-run OpenRouter budget reached for Test idea: $7.12 of $7.00 spent by this run in that phase. This is AI Inventor's internal l
04:24:09|WARNING|[M3b_arb:M3b_arb:257] failed: HTTP 403: {"error": {"code": "aii_run_budget_exhausted", "message": "AI Inventor per-run OpenRouter budget reached for Test idea: $7.12 of $7.00 spent by this run in that phase. This is AI Inventor's internal l
04:24:09|WARNING|[M3b_arb:M3b_arb:258] failed: HTTP 403: {"error": {"code": "aii_run_budget_exhausted", "message": "AI Inventor per-run OpenRouter budget reached for Test idea: $7.12 of $7.00 spent by this run in that phase. This is AI Inventor's internal l
04:24:09|WARNING|[M3b_arb:M3b_arb:260] failed: HTTP 403: {"error": {"code": "aii_run_budget_exhausted", "message": "AI Inventor per-run OpenRouter budget reached for Test idea: $7.12 of $7.00 spent by this run in that phase. This is AI Inventor's internal l
04:24:09|WARNING|[M3b_arb:M3b_arb:261] failed: HTTP 403: {"error": {"code": "aii_run_budget_exhausted", "message": "AI Inventor per-run OpenRouter budget reached for Test idea: $7.12 of $7.00 spent by this run in that phase. This is AI Inventor's internal l
04:24:09|WARNING|[M3b_arb:M3b_arb:262] failed: HTTP 403: {"error": {"code": "aii_run_budget_exhausted", "message": "AI Inventor per-run OpenRouter budget reached for Test idea: $7.12 of $7.00 spent by this run in that phase. This is AI Inventor's internal l
04:24:09|WARNING|[M3b_arb:M3b_arb:264] failed: HTTP 403: {"error": {"code": "aii_run_budget_exhausted", "message": "AI Inventor per-run OpenRouter budget reached for Test idea: $7.12 of $7.00 spent by this run in that phase. This is AI Inventor's internal l
04:24:09|WARNING|[M3b_arb:M3b_arb:263] failed: HTTP 403: {"error": {"code": "aii_run_budget_exhausted", "message": "AI Inventor per-run OpenRouter budget reached for Test idea: $7.12 of $7.00 spent by this run in that phase. This is AI Inventor's internal l
04:24:09|WARNING|[M3b_arb:M3b_arb:265] failed: HTTP 403: {"error": {"code": "aii_run_budget_exhausted", "message": "AI Inventor per-run OpenRouter budget reached for Test idea: $7.12 of $7.00 spent by this run in that phase. This is AI Inventor's internal l
04:24:09|WARNING|[M3b_arb:M3b_arb:266] failed: HTTP 403: {"error": {"code": "aii_run_budget_exhausted", "message": "AI Inventor per-run OpenRouter budget reached for Test idea: $7.12 of $7.00 spent by this run in that phase. This is AI Inventor's internal l
04:24:09|WARNING|[M3b_arb:M3b_arb:267] failed: HTTP 403: {"error": {"code": "aii_run_budget_exhausted", "message": "AI Inventor per-run OpenRouter budget reached for Test idea: $7.12 of $7.00 spent by this run in that phase. This is AI Inventor's internal l
04:24:09|WARNING|[M3b_arb:M3b_arb:268] failed: HTTP 403: {"error": {"code": "aii_run_budget_exhausted", "message": "AI Inventor per-run OpenRouter budget reached for Test idea: $7.12 of $7.00 spent by this run in that phase. This is AI Inventor's internal l
04:24:09|WARNING|[M3b_arb:M3b_arb:270] failed: HTTP 403: {"error": {"code": "aii_run_budget_exhausted", "message": "AI Inventor per-run OpenRouter budget reached for Test idea: $7.12 of $7.00 spent by this run in that phase. This is AI Inventor's internal l
04:24:09|WARNING|[M3b_arb:M3b_arb:271] failed: HTTP 403: {"error": {"code": "aii_run_budget_exhausted", "message": "AI Inventor per-run OpenRouter budget reached for Test idea: $7.12 of $7.00 spent by this run in that phase. This is AI Inventor's internal l
04:24:09|WARNING|[M3b_arb:M3b_arb:269] failed: HTTP 403: {"error": {"code": "aii_run_budget_exhausted", "message": "AI Inventor per-run OpenRouter budget reached for Test idea: $7.12 of $7.00 spent by this run in that phase. This is AI Inventor's internal l
04:24:09|WARNING|[M3b_arb:M3b_arb:276] failed: HTTP 403: {"error": {"code": "aii_run_budget_exhausted", "message": "AI Inventor per-run OpenRouter budget reached for Test idea: $7.12 of $7.00 spent by this run in that phase. This is AI Inventor's internal l
04:24:09|WARNING|[M3b_arb:M3b_arb:274] failed: HTTP 403: {"error": {"code": "aii_run_budget_exhausted", "message": "AI Inventor per-run OpenRouter budget reached for Test idea: $7.12 of $7.00 spent by this run in that phase. This is AI Inventor's internal l
04:24:09|WARNING|[M3b_arb:M3b_arb:272] failed: HTTP 403: {"error": {"code": "aii_run_budget_exhausted", "message": "AI Inventor per-run OpenRouter budget reached for Test idea: $7.12 of $7.00 spent by this run in that phase. This is AI Inventor's internal l
04:24:09|WARNING|[M3b_arb:M3b_arb:278] failed: HTTP 403: {"error": {"code": "aii_run_budget_exhausted", "message": "AI Inventor per-run OpenRouter budget reached for Test idea: $7.12 of $7.00 spent by this run in that phase. This is AI Inventor's internal l
04:24:09|WARNING|[M3b_arb:M3b_arb:273] failed: HTTP 403: {"error": {"code": "aii_run_budget_exhausted", "message": "AI Inventor per-run OpenRouter budget reached for Test idea: $7.12 of $7.00 spent by this run in that phase. This is AI Inventor's internal l
04:24:09|WARNING|[M3b_arb:M3b_arb:277] failed: HTTP 403: {"error": {"code": "aii_run_budget_exhausted", "message": "AI Inventor per-run OpenRouter budget reached for Test idea: $7.12 of $7.00 spent by this run in that phase. This is AI Inventor's internal l
04:24:09|WARNING|[M3b_arb:M3b_arb:275] failed: HTTP 403: {"error": {"code": "aii_run_budget_exhausted", "message": "AI Inventor per-run OpenRouter budget reached for Test idea: $7.12 of $7.00 spent by this run in that phase. This is AI Inventor's internal l
04:24:09|WARNING|[M3b_arb:M3b_arb:281] failed: HTTP 403: {"error": {"code": "aii_run_budget_exhausted", "message": "AI Inventor per-run OpenRouter budget reached for Test idea: $7.12 of $7.00 spent by this run in that phase. This is AI Inventor's internal l
04:24:09|WARNING|[M3b_arb:M3b_arb:280] failed: HTTP 403: {"error": {"code": "aii_run_budget_exhausted", "message": "AI Inventor per-run OpenRouter budget reached for Test idea: $7.12 of $7.00 spent by this run in that phase. This is AI Inventor's internal l
04:24:09|WARNING|[M3b_arb:M3b_arb:282] failed: HTTP 403: {"error": {"code": "aii_run_budget_exhausted", "message": "AI Inventor per-run OpenRouter budget reached for Test idea: $7.12 of $7.00 spent by this run in that phase. This is AI Inventor's internal l
04:24:09|WARNING|[M3b_arb:M3b_arb:283] failed: HTTP 403: {"error": {"code": "aii_run_budget_exhausted", "message": "AI Inventor per-run OpenRouter budget reached for Test idea: $7.12 of $7.00 spent by this run in that phase. This is AI Inventor's internal l
04:24:09|WARNING|[M3b_arb:M3b_arb:279] failed: HTTP 403: {"error": {"code": "aii_run_budget_exhausted", "message": "AI Inventor per-run OpenRouter budget reached for Test idea: $7.12 of $7.00 spent by this run in that phase. This is AI Inventor's internal l
04:24:09|WARNING|[M3b_arb:M3b_arb:284] failed: HTTP 403: {"error": {"code": "aii_run_budget_exhausted", "message": "AI Inventor per-run OpenRouter budget reached for Test idea: $7.12 of $7.00 spent by this run in that phase. This is AI Inventor's internal l
04:24:09|WARNING|[M3b_arb:M3b_arb:287] failed: HTTP 403: {"error": {"code": "aii_run_budget_exhausted", "message": "AI Inventor per-run OpenRouter budget reached for Test idea: $7.12 of $7.00 spent by this run in that phase. This is AI Inventor's internal l
04:24:09|WARNING|[M3b_arb:M3b_arb:285] failed: HTTP 403: {"error": {"code": "aii_run_budget_exhausted", "message": "AI Inventor per-run OpenRouter budget reached for Test idea: $7.12 of $7.00 spent by this run in that phase. This is AI Inventor's internal l
04:24:09|WARNING|[M3b_arb:M3b_arb:286] failed: HTTP 403: {"error": {"code": "aii_run_budget_exhausted", "message": "AI Inventor per-run OpenRouter budget reached for Test idea: $7.12 of $7.00 spent by this run in that phase. This is AI Inventor's internal l
04:24:09|WARNING|[M3b_arb:M3b_arb:288] failed: HTTP 403: {"error": {"code": "aii_run_budget_exhausted", "message": "AI Inventor per-run OpenRouter budget reached for Test idea: $7.12 of $7.00 spent by this run in that phase. This is AI Inventor's internal l
04:24:09|WARNING|[M3b_arb:M3b_arb:289] failed: HTTP 403: {"error": {"code": "aii_run_budget_exhausted", "message": "AI Inventor per-run OpenRouter budget reached for Test idea: $7.12 of $7.00 spent by this run in that phase. This is AI Inventor's internal l
04:24:09|WARNING|[M3b_arb:M3b_arb:290] failed: HTTP 403: {"error": {"code": "aii_run_budget_exhausted", "message": "AI Inventor per-run OpenRouter budget reached for Test idea: $7.12 of $7.00 spent by this run in that phase. This is AI Inventor's internal l
04:24:09|WARNING|[M3b_arb:M3b_arb:291] failed: HTTP 403: {"error": {"code": "aii_run_budget_exhausted", "message": "AI Inventor per-run OpenRouter budget reached for Test idea: $7.12 of $7.00 spent by this run in that phase. This is AI Inventor's internal l
04:24:09|WARNING|[M3b_arb:M3b_arb:292] failed: HTTP 403: {"error": {"code": "aii_run_budget_exhausted", "message": "AI Inventor per-run OpenRouter budget reached for Test idea: $7.12 of $7.00 spent by this run in that phase. This is AI Inventor's internal l
04:24:09|WARNING|[M3b_arb:M3b_arb:296] failed: HTTP 403: {"error": {"code": "aii_run_budget_exhausted", "message": "AI Inventor per-run OpenRouter budget reached for Test idea: $7.12 of $7.00 spent by this run in that phase. This is AI Inventor's internal l
04:24:09|WARNING|[M3b_arb:M3b_arb:293] failed: HTTP 403: {"error": {"code": "aii_run_budget_exhausted", "message": "AI Inventor per-run OpenRouter budget reached for Test idea: $7.12 of $7.00 spent by this run in that phase. This is AI Inventor's internal l
04:24:09|WARNING|[M3b_arb:M3b_arb:294] failed: HTTP 403: {"error": {"code": "aii_run_budget_exhausted", "message": "AI Inventor per-run OpenRouter budget reached for Test idea: $7.12 of $7.00 spent by this run in that phase. This is AI Inventor's internal l
04:24:09|WARNING|[M3b_arb:M3b_arb:295] failed: HTTP 403: {"error": {"code": "aii_run_budget_exhausted", "message": "AI Inventor per-run OpenRouter budget reached for Test idea: $7.12 of $7.00 spent by this run in that phase. This is AI Inventor's internal l
04:24:09|WARNING|[M3b_arb:M3b_arb:297] failed: HTTP 403: {"error": {"code": "aii_run_budget_exhausted", "message": "AI Inventor per-run OpenRouter budget reached for Test idea: $7.12 of $7.00 spent by this run in that phase. This is AI Inventor's internal l
04:24:09|WARNING|[M3b_arb:M3b_arb:299] failed: HTTP 403: {"error": {"code": "aii_run_budget_exhausted", "message": "AI Inventor per-run OpenRouter budget reached for Test idea: $7.12 of $7.00 spent by this run in that phase. This is AI Inventor's internal l
04:24:09|WARNING|[M3b_arb:M3b_arb:302] failed: HTTP 403: {"error": {"code": "aii_run_budget_exhausted", "message": "AI Inventor per-run OpenRouter budget reached for Test idea: $7.12 of $7.00 spent by this run in that phase. This is AI Inventor's internal l
04:24:09|WARNING|[M3b_arb:M3b_arb:304] failed: HTTP 403: {"error": {"code": "aii_run_budget_exhausted", "message": "AI Inventor per-run OpenRouter budget reached for Test idea: $7.12 of $7.00 spent by this run in that phase. This is AI Inventor's internal l
04:24:09|WARNING|[M3b_arb:M3b_arb:300] failed: HTTP 403: {"error": {"code": "aii_run_budget_exhausted", "message": "AI Inventor per-run OpenRouter budget reached for Test idea: $7.12 of $7.00 spent by this run in that phase. This is AI Inventor's internal l
04:24:09|WARNING|[M3b_arb:M3b_arb:298] failed: HTTP 403: {"error": {"code": "aii_run_budget_exhausted", "message": "AI Inventor per-run OpenRouter budget reached for Test idea: $7.12 of $7.00 spent by this run in that phase. This is AI Inventor's internal l
04:24:09|WARNING|[M3b_arb:M3b_arb:301] failed: HTTP 403: {"error": {"code": "aii_run_budget_exhausted", "message": "AI Inventor per-run OpenRouter budget reached for Test idea: $7.12 of $7.00 spent by this run in that phase. This is AI Inventor's internal l
04:24:09|WARNING|[M3b_arb:M3b_arb:303] failed: HTTP 403: {"error": {"code": "aii_run_budget_exhausted", "message": "AI Inventor per-run OpenRouter budget reached for Test idea: $7.12 of $7.00 spent by this run in that phase. This is AI Inventor's internal l
04:24:09|WARNING|[M3b_arb:M3b_arb:308] failed: HTTP 403: {"error": {"code": "aii_run_budget_exhausted", "message": "AI Inventor per-run OpenRouter budget reached for Test idea: $7.12 of $7.00 spent by this run in that phase. This is AI Inventor's internal l
04:24:09|WARNING|[M3b_arb:M3b_arb:305] failed: HTTP 403: {"error": {"code": "aii_run_budget_exhausted", "message": "AI Inventor per-run OpenRouter budget reached for Test idea: $7.12 of $7.00 spent by this run in that phase. This is AI Inventor's internal l
04:24:09|WARNING|[M3b_arb:M3b_arb:307] failed: HTTP 403: {"error": {"code": "aii_run_budget_exhausted", "message": "AI Inventor per-run OpenRouter budget reached for Test idea: $7.12 of $7.00 spent by this run in that phase. This is AI Inventor's internal l
04:24:09|WARNING|[M3b_arb:M3b_arb:306] failed: HTTP 403: {"error": {"code": "aii_run_budget_exhausted", "message": "AI Inventor per-run OpenRouter budget reached for Test idea: $7.12 of $7.00 spent by this run in that phase. This is AI Inventor's internal l
04:24:09|WARNING|[M3b_arb:M3b_arb:310] failed: HTTP 403: {"error": {"code": "aii_run_budget_exhausted", "message": "AI Inventor per-run OpenRouter budget reached for Test idea: $7.12 of $7.00 spent by this run in that phase. This is AI Inventor's internal l
04:24:09|WARNING|[M3b_arb:M3b_arb:313] failed: HTTP 403: {"error": {"code": "aii_run_budget_exhausted", "message": "AI Inventor per-run OpenRouter budget reached for Test idea: $7.12 of $7.00 spent by this run in that phase. This is AI Inventor's internal l
04:24:09|WARNING|[M3b_arb:M3b_arb:309] failed: HTTP 403: {"error": {"code": "aii_run_budget_exhausted", "message": "AI Inventor per-run OpenRouter budget reached for Test idea: $7.12 of $7.00 spent by this run in that phase. This is AI Inventor's internal l
04:24:09|WARNING|[M3b_arb:M3b_arb:312] failed: HTTP 403: {"error": {"code": "aii_run_budget_exhausted", "message": "AI Inventor per-run OpenRouter budget reached for Test idea: $7.12 of $7.00 spent by this run in that phase. This is AI Inventor's internal l
04:24:09|WARNING|[M3b_arb:M3b_arb:311] failed: HTTP 403: {"error": {"code": "aii_run_budget_exhausted", "message": "AI Inventor per-run OpenRouter budget reached for Test idea: $7.12 of $7.00 spent by this run in that phase. This is AI Inventor's internal l
04:24:09|WARNING|[M3b_arb:M3b_arb:314] failed: HTTP 403: {"error": {"code": "aii_run_budget_exhausted", "message": "AI Inventor per-run OpenRouter budget reached for Test idea: $7.12 of $7.00 spent by this run in that phase. This is AI Inventor's internal l
04:24:09|WARNING|[M3b_arb:M3b_arb:315] failed: HTTP 403: {"error": {"code": "aii_run_budget_exhausted", "message": "AI Inventor per-run OpenRouter budget reached for Test idea: $7.12 of $7.00 spent by this run in that phase. This is AI Inventor's internal l
04:24:09|WARNING|[M3b_arb:M3b_arb:316] failed: HTTP 403: {"error": {"code": "aii_run_budget_exhausted", "message": "AI Inventor per-run OpenRouter budget reached for Test idea: $7.12 of $7.00 spent by this run in that phase. This is AI Inventor's internal l
04:24:09|WARNING|[M3b_arb:M3b_arb:317] failed: HTTP 403: {"error": {"code": "aii_run_budget_exhausted", "message": "AI Inventor per-run OpenRouter budget reached for Test idea: $7.12 of $7.00 spent by this run in that phase. This is AI Inventor's internal l
04:24:09|WARNING|[M3b_arb:M3b_arb:318] failed: HTTP 403: {"error": {"code": "aii_run_budget_exhausted", "message": "AI Inventor per-run OpenRouter budget reached for Test idea: $7.12 of $7.00 spent by this run in that phase. This is AI Inventor's internal l
04:24:09|WARNING|[M3b_arb:M3b_arb:320] failed: HTTP 403: {"error": {"code": "aii_run_budget_exhausted", "message": "AI Inventor per-run OpenRouter budget reached for Test idea: $7.12 of $7.00 spent by this run in that phase. This is AI Inventor's internal l
04:24:09|WARNING|[M3b_arb:M3b_arb:319] failed: HTTP 403: {"error": {"code": "aii_run_budget_exhausted", "message": "AI Inventor per-run OpenRouter budget reached for Test idea: $7.12 of $7.00 spent by this run in that phase. This is AI Inventor's internal l
04:24:09|WARNING|[M3b_arb:M3b_arb:321] failed: HTTP 403: {"error": {"code": "aii_run_budget_exhausted", "message": "AI Inventor per-run OpenRouter budget reached for Test idea: $7.12 of $7.00 spent by this run in that phase. This is AI Inventor's internal l
04:24:09|WARNING|[M3b_arb:M3b_arb:322] failed: HTTP 403: {"error": {"code": "aii_run_budget_exhausted", "message": "AI Inventor per-run OpenRouter budget reached for Test idea: $7.12 of $7.00 spent by this run in that phase. This is AI Inventor's internal l
04:24:09|WARNING|[M3b_arb:M3b_arb:323] failed: HTTP 403: {"error": {"code": "aii_run_budget_exhausted", "message": "AI Inventor per-run OpenRouter budget reached for Test idea: $7.12 of $7.00 spent by this run in that phase. This is AI Inventor's internal l
04:24:09|WARNING|[M3b_arb:M3b_arb:324] failed: HTTP 403: {"error": {"code": "aii_run_budget_exhausted", "message": "AI Inventor per-run OpenRouter budget reached for Test idea: $7.12 of $7.00 spent by this run in that phase. This is AI Inventor's internal l
04:24:09|WARNING|[M3b_arb:M3b_arb:325] failed: HTTP 403: {"error": {"code": "aii_run_budget_exhausted", "message": "AI Inventor per-run OpenRouter budget reached for Test idea: $7.12 of $7.00 spent by this run in that phase. This is AI Inventor's internal l
04:24:09|WARNING|[M3b_arb:M3b_arb:326] failed: HTTP 403: {"error": {"code": "aii_run_budget_exhausted", "message": "AI Inventor per-run OpenRouter budget reached for Test idea: $7.12 of $7.00 spent by this run in that phase. This is AI Inventor's internal l
04:24:09|WARNING|[M3b_arb:M3b_arb:328] failed: HTTP 403: {"error": {"code": "aii_run_budget_exhausted", "message": "AI Inventor per-run OpenRouter budget reached for Test idea: $7.12 of $7.00 spent by this run in that phase. This is AI Inventor's internal l
04:24:09|WARNING|[M3b_arb:M3b_arb:329] failed: HTTP 403: {"error": {"code": "aii_run_budget_exhausted", "message": "AI Inventor per-run OpenRouter budget reached for Test idea: $7.12 of $7.00 spent by this run in that phase. This is AI Inventor's internal l
04:24:09|WARNING|[M3b_arb:M3b_arb:330] failed: HTTP 403: {"error": {"code": "aii_run_budget_exhausted", "message": "AI Inventor per-run OpenRouter budget reached for Test idea: $7.12 of $7.00 spent by this run in that phase. This is AI Inventor's internal l
04:24:09|WARNING|[M3b_arb:M3b_arb:327] failed: HTTP 403: {"error": {"code": "aii_run_budget_exhausted", "message": "AI Inventor per-run OpenRouter budget reached for Test idea: $7.12 of $7.00 spent by this run in that phase. This is AI Inventor's internal l
04:24:09|WARNING|[M3b_arb:M3b_arb:332] failed: HTTP 403: {"error": {"code": "aii_run_budget_exhausted", "message": "AI Inventor per-run OpenRouter budget reached for Test idea: $7.12 of $7.00 spent by this run in that phase. This is AI Inventor's internal l
04:24:09|WARNING|[M3b_arb:M3b_arb:333] failed: HTTP 403: {"error": {"code": "aii_run_budget_exhausted", "message": "AI Inventor per-run OpenRouter budget reached for Test idea: $7.12 of $7.00 spent by this run in that phase. This is AI Inventor's internal l
04:24:09|WARNING|[M3b_arb:M3b_arb:331] failed: HTTP 403: {"error": {"code": "aii_run_budget_exhausted", "message": "AI Inventor per-run OpenRouter budget reached for Test idea: $7.12 of $7.00 spent by this run in that phase. This is AI Inventor's internal l
04:24:09|WARNING|[M3b_arb:M3b_arb:337] failed: HTTP 403: {"error": {"code": "aii_run_budget_exhausted", "message": "AI Inventor per-run OpenRouter budget reached for Test idea: $7.12 of $7.00 spent by this run in that phase. This is AI Inventor's internal l
04:24:09|WARNING|[M3b_arb:M3b_arb:339] failed: HTTP 403: {"error": {"code": "aii_run_budget_exhausted", "message": "AI Inventor per-run OpenRouter budget reached for Test idea: $7.12 of $7.00 spent by this run in that phase. This is AI Inventor's internal l
04:24:09|WARNING|[M3b_arb:M3b_arb:335] failed: HTTP 403: {"error": {"code": "aii_run_budget_exhausted", "message": "AI Inventor per-run OpenRouter budget reached for Test idea: $7.12 of $7.00 spent by this run in that phase. This is AI Inventor's internal l
04:24:09|WARNING|[M3b_arb:M3b_arb:334] failed: HTTP 403: {"error": {"code": "aii_run_budget_exhausted", "message": "AI Inventor per-run OpenRouter budget reached for Test idea: $7.12 of $7.00 spent by this run in that phase. This is AI Inventor's internal l
04:24:09|WARNING|[M3b_arb:M3b_arb:338] failed: HTTP 403: {"error": {"code": "aii_run_budget_exhausted", "message": "AI Inventor per-run OpenRouter budget reached for Test idea: $7.12 of $7.00 spent by this run in that phase. This is AI Inventor's internal l
04:24:09|WARNING|[M3b_arb:M3b_arb:336] failed: HTTP 403: {"error": {"code": "aii_run_budget_exhausted", "message": "AI Inventor per-run OpenRouter budget reached for Test idea: $7.12 of $7.00 spent by this run in that phase. This is AI Inventor's internal l
04:24:09|WARNING|[M3b_arb:M3b_arb:340] failed: HTTP 403: {"error": {"code": "aii_run_budget_exhausted", "message": "AI Inventor per-run OpenRouter budget reached for Test idea: $7.12 of $7.00 spent by this run in that phase. This is AI Inventor's internal l
04:24:09|WARNING|[M3b_arb:M3b_arb:346] failed: HTTP 403: {"error": {"code": "aii_run_budget_exhausted", "message": "AI Inventor per-run OpenRouter budget reached for Test idea: $7.12 of $7.00 spent by this run in that phase. This is AI Inventor's internal l
04:24:09|WARNING|[M3b_arb:M3b_arb:342] failed: HTTP 403: {"error": {"code": "aii_run_budget_exhausted", "message": "AI Inventor per-run OpenRouter budget reached for Test idea: $7.12 of $7.00 spent by this run in that phase. This is AI Inventor's internal l
04:24:09|WARNING|[M3b_arb:M3b_arb:341] failed: HTTP 403: {"error": {"code": "aii_run_budget_exhausted", "message": "AI Inventor per-run OpenRouter budget reached for Test idea: $7.12 of $7.00 spent by this run in that phase. This is AI Inventor's internal l
04:24:09|WARNING|[M3b_arb:M3b_arb:343] failed: HTTP 403: {"error": {"code": "aii_run_budget_exhausted", "message": "AI Inventor per-run OpenRouter budget reached for Test idea: $7.12 of $7.00 spent by this run in that phase. This is AI Inventor's internal l
04:24:09|WARNING|[M3b_arb:M3b_arb:345] failed: HTTP 403: {"error": {"code": "aii_run_budget_exhausted", "message": "AI Inventor per-run OpenRouter budget reached for Test idea: $7.12 of $7.00 spent by this run in that phase. This is AI Inventor's internal l
04:24:09|WARNING|[M3b_arb:M3b_arb:344] failed: HTTP 403: {"error": {"code": "aii_run_budget_exhausted", "message": "AI Inventor per-run OpenRouter budget reached for Test idea: $7.12 of $7.00 spent by this run in that phase. This is AI Inventor's internal l
04:24:09|WARNING|[M3b_arb:M3b_arb:348] failed: HTTP 403: {"error": {"code": "aii_run_budget_exhausted", "message": "AI Inventor per-run OpenRouter budget reached for Test idea: $7.12 of $7.00 spent by this run in that phase. This is AI Inventor's internal l
04:24:09|WARNING|[M3b_arb:M3b_arb:349] failed: HTTP 403: {"error": {"code": "aii_run_budget_exhausted", "message": "AI Inventor per-run OpenRouter budget reached for Test idea: $7.12 of $7.00 spent by this run in that phase. This is AI Inventor's internal l
04:24:09|WARNING|[M3b_arb:M3b_arb:347] failed: HTTP 403: {"error": {"code": "aii_run_budget_exhausted", "message": "AI Inventor per-run OpenRouter budget reached for Test idea: $7.12 of $7.00 spent by this run in that phase. This is AI Inventor's internal l
04:24:09|WARNING|[M3b_arb:M3b_arb:352] failed: HTTP 403: {"error": {"code": "aii_run_budget_exhausted", "message": "AI Inventor per-run OpenRouter budget reached for Test idea: $7.12 of $7.00 spent by this run in that phase. This is AI Inventor's internal l
04:24:09|WARNING|[M3b_arb:M3b_arb:350] failed: HTTP 403: {"error": {"code": "aii_run_budget_exhausted", "message": "AI Inventor per-run OpenRouter budget reached for Test idea: $7.12 of $7.00 spent by this run in that phase. This is AI Inventor's internal l
04:24:09|WARNING|[M3b_arb:M3b_arb:351] failed: HTTP 403: {"error": {"code": "aii_run_budget_exhausted", "message": "AI Inventor per-run OpenRouter budget reached for Test idea: $7.12 of $7.00 spent by this run in that phase. This is AI Inventor's internal l
04:24:09|WARNING|[M3b_arb:M3b_arb:355] failed: HTTP 403: {"error": {"code": "aii_run_budget_exhausted", "message": "AI Inventor per-run OpenRouter budget reached for Test idea: $7.12 of $7.00 spent by this run in that phase. This is AI Inventor's internal l
04:24:09|WARNING|[M3b_arb:M3b_arb:353] failed: HTTP 403: {"error": {"code": "aii_run_budget_exhausted", "message": "AI Inventor per-run OpenRouter budget reached for Test idea: $7.12 of $7.00 spent by this run in that phase. This is AI Inventor's internal l
04:24:09|WARNING|[M3b_arb:M3b_arb:354] failed: HTTP 403: {"error": {"code": "aii_run_budget_exhausted", "message": "AI Inventor per-run OpenRouter budget reached for Test idea: $7.12 of $7.00 spent by this run in that phase. This is AI Inventor's internal l
04:24:09|WARNING|[M3b_arb:M3b_arb:356] failed: HTTP 403: {"error": {"code": "aii_run_budget_exhausted", "message": "AI Inventor per-run OpenRouter budget reached for Test idea: $7.12 of $7.00 spent by this run in that phase. This is AI Inventor's internal l
04:24:09|WARNING|[M3b_arb:M3b_arb:357] failed: HTTP 403: {"error": {"code": "aii_run_budget_exhausted", "message": "AI Inventor per-run OpenRouter budget reached for Test idea: $7.12 of $7.00 spent by this run in that phase. This is AI Inventor's internal l
04:24:09|WARNING|[M3b_arb:M3b_arb:358] failed: HTTP 403: {"error": {"code": "aii_run_budget_exhausted", "message": "AI Inventor per-run OpenRouter budget reached for Test idea: $7.12 of $7.00 spent by this run in that phase. This is AI Inventor's internal l
04:24:10|WARNING|[M3b_arb:M3b_arb:359] failed: HTTP 403: {"error": {"code": "aii_run_budget_exhausted", "message": "AI Inventor per-run OpenRouter budget reached for Test idea: $7.12 of $7.00 spent by this run in that phase. This is AI Inventor's internal l
04:24:10|WARNING|[M3b_arb:M3b_arb:360] failed: HTTP 403: {"error": {"code": "aii_run_budget_exhausted", "message": "AI Inventor per-run OpenRouter budget reached for Test idea: $7.12 of $7.00 spent by this run in that phase. This is AI Inventor's internal l
04:24:10|WARNING|[M3b_arb:M3b_arb:361] failed: HTTP 403: {"error": {"code": "aii_run_budget_exhausted", "message": "AI Inventor per-run OpenRouter budget reached for Test idea: $7.12 of $7.00 spent by this run in that phase. This is AI Inventor's internal l
04:24:10|WARNING|[M3b_arb:M3b_arb:362] failed: HTTP 403: {"error": {"code": "aii_run_budget_exhausted", "message": "AI Inventor per-run OpenRouter budget reached for Test idea: $7.12 of $7.00 spent by this run in that phase. This is AI Inventor's internal l
04:24:10|WARNING|[M3b_arb:M3b_arb:363] failed: HTTP 403: {"error": {"code": "aii_run_budget_exhausted", "message": "AI Inventor per-run OpenRouter budget reached for Test idea: $7.12 of $7.00 spent by this run in that phase. This is AI Inventor's internal l
04:24:10|WARNING|[M3b_arb:M3b_arb:364] failed: HTTP 403: {"error": {"code": "aii_run_budget_exhausted", "message": "AI Inventor per-run OpenRouter budget reached for Test idea: $7.12 of $7.00 spent by this run in that phase. This is AI Inventor's internal l
04:24:10|WARNING|[M3b_arb:M3b_arb:365] failed: HTTP 403: {"error": {"code": "aii_run_budget_exhausted", "message": "AI Inventor per-run OpenRouter budget reached for Test idea: $7.12 of $7.00 spent by this run in that phase. This is AI Inventor's internal l
04:24:10|WARNING|[M3b_arb:M3b_arb:367] failed: HTTP 403: {"error": {"code": "aii_run_budget_exhausted", "message": "AI Inventor per-run OpenRouter budget reached for Test idea: $7.12 of $7.00 spent by this run in that phase. This is AI Inventor's internal l
04:24:10|WARNING|[M3b_arb:M3b_arb:366] failed: HTTP 403: {"error": {"code": "aii_run_budget_exhausted", "message": "AI Inventor per-run OpenRouter budget reached for Test idea: $7.12 of $7.00 spent by this run in that phase. This is AI Inventor's internal l
04:24:10|WARNING|[M3b_arb:M3b_arb:370] failed: HTTP 403: {"error": {"code": "aii_run_budget_exhausted", "message": "AI Inventor per-run OpenRouter budget reached for Test idea: $7.12 of $7.00 spent by this run in that phase. This is AI Inventor's internal l
04:24:10|WARNING|[M3b_arb:M3b_arb:371] failed: HTTP 403: {"error": {"code": "aii_run_budget_exhausted", "message": "AI Inventor per-run OpenRouter budget reached for Test idea: $7.12 of $7.00 spent by this run in that phase. This is AI Inventor's internal l
04:24:10|WARNING|[M3b_arb:M3b_arb:368] failed: HTTP 403: {"error": {"code": "aii_run_budget_exhausted", "message": "AI Inventor per-run OpenRouter budget reached for Test idea: $7.12 of $7.00 spent by this run in that phase. This is AI Inventor's internal l
04:24:10|WARNING|[M3b_arb:M3b_arb:369] failed: HTTP 403: {"error": {"code": "aii_run_budget_exhausted", "message": "AI Inventor per-run OpenRouter budget reached for Test idea: $7.12 of $7.00 spent by this run in that phase. This is AI Inventor's internal l
04:24:10|WARNING|[M3b_arb:M3b_arb:373] failed: HTTP 403: {"error": {"code": "aii_run_budget_exhausted", "message": "AI Inventor per-run OpenRouter budget reached for Test idea: $7.12 of $7.00 spent by this run in that phase. This is AI Inventor's internal l
04:24:10|WARNING|[M3b_arb:M3b_arb:372] failed: HTTP 403: {"error": {"code": "aii_run_budget_exhausted", "message": "AI Inventor per-run OpenRouter budget reached for Test idea: $7.12 of $7.00 spent by this run in that phase. This is AI Inventor's internal l
04:24:10|WARNING|[M3b_arb:M3b_arb:374] failed: HTTP 403: {"error": {"code": "aii_run_budget_exhausted", "message": "AI Inventor per-run OpenRouter budget reached for Test idea: $7.12 of $7.00 spent by this run in that phase. This is AI Inventor's internal l
04:24:10|WARNING|[M3b_arb:M3b_arb:375] failed: HTTP 403: {"error": {"code": "aii_run_budget_exhausted", "message": "AI Inventor per-run OpenRouter budget reached for Test idea: $7.12 of $7.00 spent by this run in that phase. This is AI Inventor's internal l
04:24:10|WARNING|[M3b_arb:M3b_arb:376] failed: HTTP 403: {"error": {"code": "aii_run_budget_exhausted", "message": "AI Inventor per-run OpenRouter budget reached for Test idea: $7.12 of $7.00 spent by this run in that phase. This is AI Inventor's internal l
04:24:10|WARNING|[M3b_arb:M3b_arb:378] failed: HTTP 403: {"error": {"code": "aii_run_budget_exhausted", "message": "AI Inventor per-run OpenRouter budget reached for Test idea: $7.12 of $7.00 spent by this run in that phase. This is AI Inventor's internal l
04:24:10|WARNING|[M3b_arb:M3b_arb:377] failed: HTTP 403: {"error": {"code": "aii_run_budget_exhausted", "message": "AI Inventor per-run OpenRouter budget reached for Test idea: $7.12 of $7.00 spent by this run in that phase. This is AI Inventor's internal l
04:24:10|WARNING|[M3b_arb:M3b_arb:379] failed: HTTP 403: {"error": {"code": "aii_run_budget_exhausted", "message": "AI Inventor per-run OpenRouter budget reached for Test idea: $7.12 of $7.00 spent by this run in that phase. This is AI Inventor's internal l
04:24:10|WARNING|[M3b_arb:M3b_arb:380] failed: HTTP 403: {"error": {"code": "aii_run_budget_exhausted", "message": "AI Inventor per-run OpenRouter budget reached for Test idea: $7.12 of $7.00 spent by this run in that phase. This is AI Inventor's internal l
04:24:10|WARNING|[M3b_arb:M3b_arb:381] failed: HTTP 403: {"error": {"code": "aii_run_budget_exhausted", "message": "AI Inventor per-run OpenRouter budget reached for Test idea: $7.12 of $7.00 spent by this run in that phase. This is AI Inventor's internal l
04:24:10|WARNING|[M3b_arb:M3b_arb:382] failed: HTTP 403: {"error": {"code": "aii_run_budget_exhausted", "message": "AI Inventor per-run OpenRouter budget reached for Test idea: $7.12 of $7.00 spent by this run in that phase. This is AI Inventor's internal l
04:24:10|WARNING|[M3b_arb:M3b_arb:383] failed: HTTP 403: {"error": {"code": "aii_run_budget_exhausted", "message": "AI Inventor per-run OpenRouter budget reached for Test idea: $7.12 of $7.00 spent by this run in that phase. This is AI Inventor's internal l
04:24:10|WARNING|[M3b_arb:M3b_arb:385] failed: HTTP 403: {"error": {"code": "aii_run_budget_exhausted", "message": "AI Inventor per-run OpenRouter budget reached for Test idea: $7.12 of $7.00 spent by this run in that phase. This is AI Inventor's internal l
04:24:10|WARNING|[M3b_arb:M3b_arb:387] failed: HTTP 403: {"error": {"code": "aii_run_budget_exhausted", "message": "AI Inventor per-run OpenRouter budget reached for Test idea: $7.12 of $7.00 spent by this run in that phase. This is AI Inventor's internal l
04:24:10|WARNING|[M3b_arb:M3b_arb:384] failed: HTTP 403: {"error": {"code": "aii_run_budget_exhausted", "message": "AI Inventor per-run OpenRouter budget reached for Test idea: $7.12 of $7.00 spent by this run in that phase. This is AI Inventor's internal l
04:24:10|WARNING|[M3b_arb:M3b_arb:386] failed: HTTP 403: {"error": {"code": "aii_run_budget_exhausted", "message": "AI Inventor per-run OpenRouter budget reached for Test idea: $7.12 of $7.00 spent by this run in that phase. This is AI Inventor's internal l
04:24:10|WARNING|[M3b_arb:M3b_arb:390] failed: HTTP 403: {"error": {"code": "aii_run_budget_exhausted", "message": "AI Inventor per-run OpenRouter budget reached for Test idea: $7.12 of $7.00 spent by this run in that phase. This is AI Inventor's internal l
04:24:10|WARNING|[M3b_arb:M3b_arb:392] failed: HTTP 403: {"error": {"code": "aii_run_budget_exhausted", "message": "AI Inventor per-run OpenRouter budget reached for Test idea: $7.12 of $7.00 spent by this run in that phase. This is AI Inventor's internal l
04:24:10|WARNING|[M3b_arb:M3b_arb:388] failed: HTTP 403: {"error": {"code": "aii_run_budget_exhausted", "message": "AI Inventor per-run OpenRouter budget reached for Test idea: $7.12 of $7.00 spent by this run in that phase. This is AI Inventor's internal l
04:24:10|WARNING|[M3b_arb:M3b_arb:391] failed: HTTP 403: {"error": {"code": "aii_run_budget_exhausted", "message": "AI Inventor per-run OpenRouter budget reached for Test idea: $7.12 of $7.00 spent by this run in that phase. This is AI Inventor's internal l
04:24:10|WARNING|[M3b_arb:M3b_arb:393] failed: HTTP 403: {"error": {"code": "aii_run_budget_exhausted", "message": "AI Inventor per-run OpenRouter budget reached for Test idea: $7.12 of $7.00 spent by this run in that phase. This is AI Inventor's internal l
04:24:10|WARNING|[M3b_arb:M3b_arb:389] failed: HTTP 403: {"error": {"code": "aii_run_budget_exhausted", "message": "AI Inventor per-run OpenRouter budget reached for Test idea: $7.12 of $7.00 spent by this run in that phase. This is AI Inventor's internal l
04:24:10|WARNING|[M3b_arb:M3b_arb:395] failed: HTTP 403: {"error": {"code": "aii_run_budget_exhausted", "message": "AI Inventor per-run OpenRouter budget reached for Test idea: $7.12 of $7.00 spent by this run in that phase. This is AI Inventor's internal l
04:24:10|WARNING|[M3b_arb:M3b_arb:394] failed: HTTP 403: {"error": {"code": "aii_run_budget_exhausted", "message": "AI Inventor per-run OpenRouter budget reached for Test idea: $7.12 of $7.00 spent by this run in that phase. This is AI Inventor's internal l
04:24:10|WARNING|[M3b_arb:M3b_arb:396] failed: HTTP 403: {"error": {"code": "aii_run_budget_exhausted", "message": "AI Inventor per-run OpenRouter budget reached for Test idea: $7.12 of $7.00 spent by this run in that phase. This is AI Inventor's internal l
04:24:10|WARNING|[M3b_arb:M3b_arb:397] failed: HTTP 403: {"error": {"code": "aii_run_budget_exhausted", "message": "AI Inventor per-run OpenRouter budget reached for Test idea: $7.12 of $7.00 spent by this run in that phase. This is AI Inventor's internal l
04:24:10|WARNING|[M3b_arb:M3b_arb:398] failed: HTTP 403: {"error": {"code": "aii_run_budget_exhausted", "message": "AI Inventor per-run OpenRouter budget reached for Test idea: $7.12 of $7.00 spent by this run in that phase. This is AI Inventor's internal l
04:24:10|WARNING|[M3b_arb:M3b_arb:399] failed: HTTP 403: {"error": {"code": "aii_run_budget_exhausted", "message": "AI Inventor per-run OpenRouter budget reached for Test idea: $7.12 of $7.00 spent by this run in that phase. This is AI Inventor's internal l
04:24:10|WARNING|[M3b_arb:M3b_arb:400] failed: HTTP 403: {"error": {"code": "aii_run_budget_exhausted", "message": "AI Inventor per-run OpenRouter budget reached for Test idea: $7.12 of $7.00 spent by this run in that phase. This is AI Inventor's internal l
04:24:10|WARNING|[M3b_arb:M3b_arb:404] failed: HTTP 403: {"error": {"code": "aii_run_budget_exhausted", "message": "AI Inventor per-run OpenRouter budget reached for Test idea: $7.12 of $7.00 spent by this run in that phase. This is AI Inventor's internal l
04:24:10|WARNING|[M3b_arb:M3b_arb:401] failed: HTTP 403: {"error": {"code": "aii_run_budget_exhausted", "message": "AI Inventor per-run OpenRouter budget reached for Test idea: $7.12 of $7.00 spent by this run in that phase. This is AI Inventor's internal l
04:24:10|WARNING|[M3b_arb:M3b_arb:405] failed: HTTP 403: {"error": {"code": "aii_run_budget_exhausted", "message": "AI Inventor per-run OpenRouter budget reached for Test idea: $7.12 of $7.00 spent by this run in that phase. This is AI Inventor's internal l
04:24:10|WARNING|[M3b_arb:M3b_arb:402] failed: HTTP 403: {"error": {"code": "aii_run_budget_exhausted", "message": "AI Inventor per-run OpenRouter budget reached for Test idea: $7.12 of $7.00 spent by this run in that phase. This is AI Inventor's internal l
04:24:10|WARNING|[M3b_arb:M3b_arb:403] failed: HTTP 403: {"error": {"code": "aii_run_budget_exhausted", "message": "AI Inventor per-run OpenRouter budget reached for Test idea: $7.12 of $7.00 spent by this run in that phase. This is AI Inventor's internal l
04:24:10|WARNING|[M3b_arb:M3b_arb:406] failed: HTTP 403: {"error": {"code": "aii_run_budget_exhausted", "message": "AI Inventor per-run OpenRouter budget reached for Test idea: $7.12 of $7.00 spent by this run in that phase. This is AI Inventor's internal l
04:24:10|WARNING|[M3b_arb:M3b_arb:408] failed: HTTP 403: {"error": {"code": "aii_run_budget_exhausted", "message": "AI Inventor per-run OpenRouter budget reached for Test idea: $7.12 of $7.00 spent by this run in that phase. This is AI Inventor's internal l
04:24:10|WARNING|[M3b_arb:M3b_arb:407] failed: HTTP 403: {"error": {"code": "aii_run_budget_exhausted", "message": "AI Inventor per-run OpenRouter budget reached for Test idea: $7.12 of $7.00 spent by this run in that phase. This is AI Inventor's internal l
04:24:10|WARNING|[M3b_arb:M3b_arb:409] failed: HTTP 403: {"error": {"code": "aii_run_budget_exhausted", "message": "AI Inventor per-run OpenRouter budget reached for Test idea: $7.12 of $7.00 spent by this run in that phase. This is AI Inventor's internal l
04:24:10|WARNING|[M3b_arb:M3b_arb:411] failed: HTTP 403: {"error": {"code": "aii_run_budget_exhausted", "message": "AI Inventor per-run OpenRouter budget reached for Test idea: $7.12 of $7.00 spent by this run in that phase. This is AI Inventor's internal l
04:24:10|WARNING|[M3b_arb:M3b_arb:413] failed: HTTP 403: {"error": {"code": "aii_run_budget_exhausted", "message": "AI Inventor per-run OpenRouter budget reached for Test idea: $7.12 of $7.00 spent by this run in that phase. This is AI Inventor's internal l
04:24:10|WARNING|[M3b_arb:M3b_arb:410] failed: HTTP 403: {"error": {"code": "aii_run_budget_exhausted", "message": "AI Inventor per-run OpenRouter budget reached for Test idea: $7.12 of $7.00 spent by this run in that phase. This is AI Inventor's internal l
04:24:10|WARNING|[M3b_arb:M3b_arb:412] failed: HTTP 403: {"error": {"code": "aii_run_budget_exhausted", "message": "AI Inventor per-run OpenRouter budget reached for Test idea: $7.12 of $7.00 spent by this run in that phase. This is AI Inventor's internal l
04:24:10|WARNING|[M3b_arb:M3b_arb:415] failed: HTTP 403: {"error": {"code": "aii_run_budget_exhausted", "message": "AI Inventor per-run OpenRouter budget reached for Test idea: $7.12 of $7.00 spent by this run in that phase. This is AI Inventor's internal l
04:24:10|WARNING|[M3b_arb:M3b_arb:414] failed: HTTP 403: {"error": {"code": "aii_run_budget_exhausted", "message": "AI Inventor per-run OpenRouter budget reached for Test idea: $7.12 of $7.00 spent by this run in that phase. This is AI Inventor's internal l
04:24:10|WARNING|[M3b_arb:M3b_arb:416] failed: HTTP 403: {"error": {"code": "aii_run_budget_exhausted", "message": "AI Inventor per-run OpenRouter budget reached for Test idea: $7.12 of $7.00 spent by this run in that phase. This is AI Inventor's internal l
04:24:10|WARNING|[M3b_arb:M3b_arb:419] failed: HTTP 403: {"error": {"code": "aii_run_budget_exhausted", "message": "AI Inventor per-run OpenRouter budget reached for Test idea: $7.12 of $7.00 spent by this run in that phase. This is AI Inventor's internal l
04:24:10|WARNING|[M3b_arb:M3b_arb:417] failed: HTTP 403: {"error": {"code": "aii_run_budget_exhausted", "message": "AI Inventor per-run OpenRouter budget reached for Test idea: $7.12 of $7.00 spent by this run in that phase. This is AI Inventor's internal l
04:24:10|WARNING|[M3b_arb:M3b_arb:418] failed: HTTP 403: {"error": {"code": "aii_run_budget_exhausted", "message": "AI Inventor per-run OpenRouter budget reached for Test idea: $7.12 of $7.00 spent by this run in that phase. This is AI Inventor's internal l
04:24:10|WARNING|[M3b_arb:M3b_arb:422] failed: HTTP 403: {"error": {"code": "aii_run_budget_exhausted", "message": "AI Inventor per-run OpenRouter budget reached for Test idea: $7.12 of $7.00 spent by this run in that phase. This is AI Inventor's internal l
04:24:10|WARNING|[M3b_arb:M3b_arb:420] failed: HTTP 403: {"error": {"code": "aii_run_budget_exhausted", "message": "AI Inventor per-run OpenRouter budget reached for Test idea: $7.12 of $7.00 spent by this run in that phase. This is AI Inventor's internal l
04:24:10|WARNING|[M3b_arb:M3b_arb:421] failed: HTTP 403: {"error": {"code": "aii_run_budget_exhausted", "message": "AI Inventor per-run OpenRouter budget reached for Test idea: $7.12 of $7.00 spent by this run in that phase. This is AI Inventor's internal l
04:24:10|WARNING|[M3b_arb:M3b_arb:424] failed: HTTP 403: {"error": {"code": "aii_run_budget_exhausted", "message": "AI Inventor per-run OpenRouter budget reached for Test idea: $7.12 of $7.00 spent by this run in that phase. This is AI Inventor's internal l
04:24:10|WARNING|[M3b_arb:M3b_arb:423] failed: HTTP 403: {"error": {"code": "aii_run_budget_exhausted", "message": "AI Inventor per-run OpenRouter budget reached for Test idea: $7.12 of $7.00 spent by this run in that phase. This is AI Inventor's internal l
04:24:10|WARNING|[M3b_arb:M3b_arb:425] failed: HTTP 403: {"error": {"code": "aii_run_budget_exhausted", "message": "AI Inventor per-run OpenRouter budget reached for Test idea: $7.12 of $7.00 spent by this run in that phase. This is AI Inventor's internal l
04:24:10|WARNING|[M3b_arb:M3b_arb:427] failed: HTTP 403: {"error": {"code": "aii_run_budget_exhausted", "message": "AI Inventor per-run OpenRouter budget reached for Test idea: $7.12 of $7.00 spent by this run in that phase. This is AI Inventor's internal l
04:24:10|WARNING|[M3b_arb:M3b_arb:429] failed: HTTP 403: {"error": {"code": "aii_run_budget_exhausted", "message": "AI Inventor per-run OpenRouter budget reached for Test idea: $7.12 of $7.00 spent by this run in that phase. This is AI Inventor's internal l
04:24:10|WARNING|[M3b_arb:M3b_arb:428] failed: HTTP 403: {"error": {"code": "aii_run_budget_exhausted", "message": "AI Inventor per-run OpenRouter budget reached for Test idea: $7.12 of $7.00 spent by this run in that phase. This is AI Inventor's internal l
04:24:10|WARNING|[M3b_arb:M3b_arb:426] failed: HTTP 403: {"error": {"code": "aii_run_budget_exhausted", "message": "AI Inventor per-run OpenRouter budget reached for Test idea: $7.12 of $7.00 spent by this run in that phase. This is AI Inventor's internal l
04:24:10|WARNING|[M3b_arb:M3b_arb:431] failed: HTTP 403: {"error": {"code": "aii_run_budget_exhausted", "message": "AI Inventor per-run OpenRouter budget reached for Test idea: $7.12 of $7.00 spent by this run in that phase. This is AI Inventor's internal l
04:24:10|WARNING|[M3b_arb:M3b_arb:430] failed: HTTP 403: {"error": {"code": "aii_run_budget_exhausted", "message": "AI Inventor per-run OpenRouter budget reached for Test idea: $7.12 of $7.00 spent by this run in that phase. This is AI Inventor's internal l
04:24:10|WARNING|[M3b_arb:M3b_arb:433] failed: HTTP 403: {"error": {"code": "aii_run_budget_exhausted", "message": "AI Inventor per-run OpenRouter budget reached for Test idea: $7.12 of $7.00 spent by this run in that phase. This is AI Inventor's internal l
04:24:10|WARNING|[M3b_arb:M3b_arb:432] failed: HTTP 403: {"error": {"code": "aii_run_budget_exhausted", "message": "AI Inventor per-run OpenRouter budget reached for Test idea: $7.12 of $7.00 spent by this run in that phase. This is AI Inventor's internal l
04:24:10|WARNING|[M3b_arb:M3b_arb:434] failed: HTTP 403: {"error": {"code": "aii_run_budget_exhausted", "message": "AI Inventor per-run OpenRouter budget reached for Test idea: $7.12 of $7.00 spent by this run in that phase. This is AI Inventor's internal l
04:24:10|WARNING|[M3b_arb:M3b_arb:436] failed: HTTP 403: {"error": {"code": "aii_run_budget_exhausted", "message": "AI Inventor per-run OpenRouter budget reached for Test idea: $7.12 of $7.00 spent by this run in that phase. This is AI Inventor's internal l
04:24:10|WARNING|[M3b_arb:M3b_arb:442] failed: HTTP 403: {"error": {"code": "aii_run_budget_exhausted", "message": "AI Inventor per-run OpenRouter budget reached for Test idea: $7.12 of $7.00 spent by this run in that phase. This is AI Inventor's internal l
04:24:10|WARNING|[M3b_arb:M3b_arb:445] failed: HTTP 403: {"error": {"code": "aii_run_budget_exhausted", "message": "AI Inventor per-run OpenRouter budget reached for Test idea: $7.12 of $7.00 spent by this run in that phase. This is AI Inventor's internal l
04:24:10|WARNING|[M3b_arb:M3b_arb:443] failed: HTTP 403: {"error": {"code": "aii_run_budget_exhausted", "message": "AI Inventor per-run OpenRouter budget reached for Test idea: $7.12 of $7.00 spent by this run in that phase. This is AI Inventor's internal l
04:24:10|WARNING|[M3b_arb:M3b_arb:441] failed: HTTP 403: {"error": {"code": "aii_run_budget_exhausted", "message": "AI Inventor per-run OpenRouter budget reached for Test idea: $7.12 of $7.00 spent by this run in that phase. This is AI Inventor's internal l
04:24:10|WARNING|[M3b_arb:M3b_arb:439] failed: HTTP 403: {"error": {"code": "aii_run_budget_exhausted", "message": "AI Inventor per-run OpenRouter budget reached for Test idea: $7.12 of $7.00 spent by this run in that phase. This is AI Inventor's internal l
04:24:10|WARNING|[M3b_arb:M3b_arb:437] failed: HTTP 403: {"error": {"code": "aii_run_budget_exhausted", "message": "AI Inventor per-run OpenRouter budget reached for Test idea: $7.12 of $7.00 spent by this run in that phase. This is AI Inventor's internal l
04:24:10|WARNING|[M3b_arb:M3b_arb:438] failed: HTTP 403: {"error": {"code": "aii_run_budget_exhausted", "message": "AI Inventor per-run OpenRouter budget reached for Test idea: $7.12 of $7.00 spent by this run in that phase. This is AI Inventor's internal l
04:24:10|WARNING|[M3b_arb:M3b_arb:447] failed: HTTP 403: {"error": {"code": "aii_run_budget_exhausted", "message": "AI Inventor per-run OpenRouter budget reached for Test idea: $7.12 of $7.00 spent by this run in that phase. This is AI Inventor's internal l
04:24:10|WARNING|[M3b_arb:M3b_arb:440] failed: HTTP 403: {"error": {"code": "aii_run_budget_exhausted", "message": "AI Inventor per-run OpenRouter budget reached for Test idea: $7.12 of $7.00 spent by this run in that phase. This is AI Inventor's internal l
04:24:10|WARNING|[M3b_arb:M3b_arb:444] failed: HTTP 403: {"error": {"code": "aii_run_budget_exhausted", "message": "AI Inventor per-run OpenRouter budget reached for Test idea: $7.12 of $7.00 spent by this run in that phase. This is AI Inventor's internal l
04:24:10|WARNING|[M3b_arb:M3b_arb:435] failed: HTTP 403: {"error": {"code": "aii_run_budget_exhausted", "message": "AI Inventor per-run OpenRouter budget reached for Test idea: $7.12 of $7.00 spent by this run in that phase. This is AI Inventor's internal l
04:24:10|WARNING|[M3b_arb:M3b_arb:446] failed: HTTP 403: {"error": {"code": "aii_run_budget_exhausted", "message": "AI Inventor per-run OpenRouter budget reached for Test idea: $7.12 of $7.00 spent by this run in that phase. This is AI Inventor's internal l
04:24:10|WARNING|[M3b_arb:M3b_arb:448] failed: HTTP 403: {"error": {"code": "aii_run_budget_exhausted", "message": "AI Inventor per-run OpenRouter budget reached for Test idea: $7.12 of $7.00 spent by this run in that phase. This is AI Inventor's internal l
04:24:10|WARNING|[M3b_arb:M3b_arb:449] failed: HTTP 403: {"error": {"code": "aii_run_budget_exhausted", "message": "AI Inventor per-run OpenRouter budget reached for Test idea: $7.12 of $7.00 spent by this run in that phase. This is AI Inventor's internal l
04:24:10|WARNING|[M3b_arb:M3b_arb:450] failed: HTTP 403: {"error": {"code": "aii_run_budget_exhausted", "message": "AI Inventor per-run OpenRouter budget reached for Test idea: $7.12 of $7.00 spent by this run in that phase. This is AI Inventor's internal l
04:24:10|WARNING|[M3b_arb:M3b_arb:451] failed: HTTP 403: {"error": {"code": "aii_run_budget_exhausted", "message": "AI Inventor per-run OpenRouter budget reached for Test idea: $7.12 of $7.00 spent by this run in that phase. This is AI Inventor's internal l
04:24:10|WARNING|[M3b_arb:M3b_arb:453] failed: HTTP 403: {"error": {"code": "aii_run_budget_exhausted", "message": "AI Inventor per-run OpenRouter budget reached for Test idea: $7.12 of $7.00 spent by this run in that phase. This is AI Inventor's internal l
04:24:10|WARNING|[M3b_arb:M3b_arb:452] failed: HTTP 403: {"error": {"code": "aii_run_budget_exhausted", "message": "AI Inventor per-run OpenRouter budget reached for Test idea: $7.12 of $7.00 spent by this run in that phase. This is AI Inventor's internal l
04:24:10|WARNING|[M3b_arb:M3b_arb:461] failed: HTTP 403: {"error": {"code": "aii_run_budget_exhausted", "message": "AI Inventor per-run OpenRouter budget reached for Test idea: $7.12 of $7.00 spent by this run in that phase. This is AI Inventor's internal l
04:24:10|WARNING|[M3b_arb:M3b_arb:458] failed: HTTP 403: {"error": {"code": "aii_run_budget_exhausted", "message": "AI Inventor per-run OpenRouter budget reached for Test idea: $7.12 of $7.00 spent by this run in that phase. This is AI Inventor's internal l
04:24:10|WARNING|[M3b_arb:M3b_arb:456] failed: HTTP 403: {"error": {"code": "aii_run_budget_exhausted", "message": "AI Inventor per-run OpenRouter budget reached for Test idea: $7.12 of $7.00 spent by this run in that phase. This is AI Inventor's internal l
04:24:10|WARNING|[M3b_arb:M3b_arb:457] failed: HTTP 403: {"error": {"code": "aii_run_budget_exhausted", "message": "AI Inventor per-run OpenRouter budget reached for Test idea: $7.12 of $7.00 spent by this run in that phase. This is AI Inventor's internal l
04:24:10|WARNING|[M3b_arb:M3b_arb:463] failed: HTTP 403: {"error": {"code": "aii_run_budget_exhausted", "message": "AI Inventor per-run OpenRouter budget reached for Test idea: $7.12 of $7.00 spent by this run in that phase. This is AI Inventor's internal l
04:24:10|WARNING|[M3b_arb:M3b_arb:464] failed: HTTP 403: {"error": {"code": "aii_run_budget_exhausted", "message": "AI Inventor per-run OpenRouter budget reached for Test idea: $7.12 of $7.00 spent by this run in that phase. This is AI Inventor's internal l
04:24:10|WARNING|[M3b_arb:M3b_arb:454] failed: HTTP 403: {"error": {"code": "aii_run_budget_exhausted", "message": "AI Inventor per-run OpenRouter budget reached for Test idea: $7.12 of $7.00 spent by this run in that phase. This is AI Inventor's internal l
04:24:10|WARNING|[M3b_arb:M3b_arb:459] failed: HTTP 403: {"error": {"code": "aii_run_budget_exhausted", "message": "AI Inventor per-run OpenRouter budget reached for Test idea: $7.12 of $7.00 spent by this run in that phase. This is AI Inventor's internal l
04:24:10|WARNING|[M3b_arb:M3b_arb:465] failed: HTTP 403: {"error": {"code": "aii_run_budget_exhausted", "message": "AI Inventor per-run OpenRouter budget reached for Test idea: $7.12 of $7.00 spent by this run in that phase. This is AI Inventor's internal l
04:24:10|WARNING|[M3b_arb:M3b_arb:460] failed: HTTP 403: {"error": {"code": "aii_run_budget_exhausted", "message": "AI Inventor per-run OpenRouter budget reached for Test idea: $7.12 of $7.00 spent by this run in that phase. This is AI Inventor's internal l
04:24:10|WARNING|[M3b_arb:M3b_arb:462] failed: HTTP 403: {"error": {"code": "aii_run_budget_exhausted", "message": "AI Inventor per-run OpenRouter budget reached for Test idea: $7.12 of $7.00 spent by this run in that phase. This is AI Inventor's internal l
04:24:10|WARNING|[M3b_arb:M3b_arb:455] failed: HTTP 403: {"error": {"code": "aii_run_budget_exhausted", "message": "AI Inventor per-run OpenRouter budget reached for Test idea: $7.12 of $7.00 spent by this run in that phase. This is AI Inventor's internal l
04:24:10|WARNING|[M3b_arb:M3b_arb:469] failed: HTTP 403: {"error": {"code": "aii_run_budget_exhausted", "message": "AI Inventor per-run OpenRouter budget reached for Test idea: $7.12 of $7.00 spent by this run in that phase. This is AI Inventor's internal l
04:24:10|WARNING|[M3b_arb:M3b_arb:467] failed: HTTP 403: {"error": {"code": "aii_run_budget_exhausted", "message": "AI Inventor per-run OpenRouter budget reached for Test idea: $7.12 of $7.00 spent by this run in that phase. This is AI Inventor's internal l
04:24:10|WARNING|[M3b_arb:M3b_arb:468] failed: HTTP 403: {"error": {"code": "aii_run_budget_exhausted", "message": "AI Inventor per-run OpenRouter budget reached for Test idea: $7.12 of $7.00 spent by this run in that phase. This is AI Inventor's internal l
04:24:10|WARNING|[M3b_arb:M3b_arb:466] failed: HTTP 403: {"error": {"code": "aii_run_budget_exhausted", "message": "AI Inventor per-run OpenRouter budget reached for Test idea: $7.12 of $7.00 spent by this run in that phase. This is AI Inventor's internal l
04:24:10|WARNING|[M3b_arb:M3b_arb:470] failed: HTTP 403: {"error": {"code": "aii_run_budget_exhausted", "message": "AI Inventor per-run OpenRouter budget reached for Test idea: $7.12 of $7.00 spent by this run in that phase. This is AI Inventor's internal l
04:24:10|WARNING|[M3b_arb:M3b_arb:472] failed: HTTP 403: {"error": {"code": "aii_run_budget_exhausted", "message": "AI Inventor per-run OpenRouter budget reached for Test idea: $7.12 of $7.00 spent by this run in that phase. This is AI Inventor's internal l
04:24:10|WARNING|[M3b_arb:M3b_arb:473] failed: HTTP 403: {"error": {"code": "aii_run_budget_exhausted", "message": "AI Inventor per-run OpenRouter budget reached for Test idea: $7.12 of $7.00 spent by this run in that phase. This is AI Inventor's internal l
04:24:10|WARNING|[M3b_arb:M3b_arb:474] failed: HTTP 403: {"error": {"code": "aii_run_budget_exhausted", "message": "AI Inventor per-run OpenRouter budget reached for Test idea: $7.12 of $7.00 spent by this run in that phase. This is AI Inventor's internal l
04:24:10|WARNING|[M3b_arb:M3b_arb:471] failed: HTTP 403: {"error": {"code": "aii_run_budget_exhausted", "message": "AI Inventor per-run OpenRouter budget reached for Test idea: $7.12 of $7.00 spent by this run in that phase. This is AI Inventor's internal l
04:24:10|WARNING|[M3b_arb:M3b_arb:475] failed: HTTP 403: {"error": {"code": "aii_run_budget_exhausted", "message": "AI Inventor per-run OpenRouter budget reached for Test idea: $7.12 of $7.00 spent by this run in that phase. This is AI Inventor's internal l
04:24:10|WARNING|[M3b_arb:M3b_arb:476] failed: HTTP 403: {"error": {"code": "aii_run_budget_exhausted", "message": "AI Inventor per-run OpenRouter budget reached for Test idea: $7.12 of $7.00 spent by this run in that phase. This is AI Inventor's internal l
04:24:10|WARNING|[M3b_arb:M3b_arb:477] failed: HTTP 403: {"error": {"code": "aii_run_budget_exhausted", "message": "AI Inventor per-run OpenRouter budget reached for Test idea: $7.12 of $7.00 spent by this run in that phase. This is AI Inventor's internal l
04:24:10|WARNING|[M3b_arb:M3b_arb:484] failed: HTTP 403: {"error": {"code": "aii_run_budget_exhausted", "message": "AI Inventor per-run OpenRouter budget reached for Test idea: $7.12 of $7.00 spent by this run in that phase. This is AI Inventor's internal l
04:24:10|WARNING|[M3b_arb:M3b_arb:482] failed: HTTP 403: {"error": {"code": "aii_run_budget_exhausted", "message": "AI Inventor per-run OpenRouter budget reached for Test idea: $7.12 of $7.00 spent by this run in that phase. This is AI Inventor's internal l
04:24:10|WARNING|[M3b_arb:M3b_arb:483] failed: HTTP 403: {"error": {"code": "aii_run_budget_exhausted", "message": "AI Inventor per-run OpenRouter budget reached for Test idea: $7.12 of $7.00 spent by this run in that phase. This is AI Inventor's internal l
04:24:10|WARNING|[M3b_arb:M3b_arb:481] failed: HTTP 403: {"error": {"code": "aii_run_budget_exhausted", "message": "AI Inventor per-run OpenRouter budget reached for Test idea: $7.12 of $7.00 spent by this run in that phase. This is AI Inventor's internal l
04:24:10|WARNING|[M3b_arb:M3b_arb:480] failed: HTTP 403: {"error": {"code": "aii_run_budget_exhausted", "message": "AI Inventor per-run OpenRouter budget reached for Test idea: $7.12 of $7.00 spent by this run in that phase. This is AI Inventor's internal l
04:24:10|WARNING|[M3b_arb:M3b_arb:478] failed: HTTP 403: {"error": {"code": "aii_run_budget_exhausted", "message": "AI Inventor per-run OpenRouter budget reached for Test idea: $7.12 of $7.00 spent by this run in that phase. This is AI Inventor's internal l
04:24:11|WARNING|[M3b_arb:M3b_arb:485] failed: HTTP 403: {"error": {"code": "aii_run_budget_exhausted", "message": "AI Inventor per-run OpenRouter budget reached for Test idea: $7.12 of $7.00 spent by this run in that phase. This is AI Inventor's internal l
04:24:11|WARNING|[M3b_arb:M3b_arb:486] failed: HTTP 403: {"error": {"code": "aii_run_budget_exhausted", "message": "AI Inventor per-run OpenRouter budget reached for Test idea: $7.12 of $7.00 spent by this run in that phase. This is AI Inventor's internal l
04:24:11|WARNING|[M3b_arb:M3b_arb:479] failed: HTTP 403: {"error": {"code": "aii_run_budget_exhausted", "message": "AI Inventor per-run OpenRouter budget reached for Test idea: $7.12 of $7.00 spent by this run in that phase. This is AI Inventor's internal l
04:24:11|WARNING|[M3b_arb:M3b_arb:487] failed: HTTP 403: {"error": {"code": "aii_run_budget_exhausted", "message": "AI Inventor per-run OpenRouter budget reached for Test idea: $7.12 of $7.00 spent by this run in that phase. This is AI Inventor's internal l
04:24:11|WARNING|[M3b_arb:M3b_arb:491] failed: HTTP 403: {"error": {"code": "aii_run_budget_exhausted", "message": "AI Inventor per-run OpenRouter budget reached for Test idea: $7.12 of $7.00 spent by this run in that phase. This is AI Inventor's internal l
04:24:11|WARNING|[M3b_arb:M3b_arb:488] failed: HTTP 403: {"error": {"code": "aii_run_budget_exhausted", "message": "AI Inventor per-run OpenRouter budget reached for Test idea: $7.12 of $7.00 spent by this run in that phase. This is AI Inventor's internal l
04:24:11|WARNING|[M3b_arb:M3b_arb:490] failed: HTTP 403: {"error": {"code": "aii_run_budget_exhausted", "message": "AI Inventor per-run OpenRouter budget reached for Test idea: $7.12 of $7.00 spent by this run in that phase. This is AI Inventor's internal l
04:24:11|WARNING|[M3b_arb:M3b_arb:489] failed: HTTP 403: {"error": {"code": "aii_run_budget_exhausted", "message": "AI Inventor per-run OpenRouter budget reached for Test idea: $7.12 of $7.00 spent by this run in that phase. This is AI Inventor's internal l
04:24:11|WARNING|[M3b_arb:M3b_arb:492] failed: HTTP 403: {"error": {"code": "aii_run_budget_exhausted", "message": "AI Inventor per-run OpenRouter budget reached for Test idea: $7.12 of $7.00 spent by this run in that phase. This is AI Inventor's internal l
04:24:11|WARNING|[M3b_arb:M3b_arb:493] failed: HTTP 403: {"error": {"code": "aii_run_budget_exhausted", "message": "AI Inventor per-run OpenRouter budget reached for Test idea: $7.12 of $7.00 spent by this run in that phase. This is AI Inventor's internal l
04:24:11|WARNING|[M3b_arb:M3b_arb:495] failed: HTTP 403: {"error": {"code": "aii_run_budget_exhausted", "message": "AI Inventor per-run OpenRouter budget reached for Test idea: $7.12 of $7.00 spent by this run in that phase. This is AI Inventor's internal l
04:24:11|WARNING|[M3b_arb:M3b_arb:494] failed: HTTP 403: {"error": {"code": "aii_run_budget_exhausted", "message": "AI Inventor per-run OpenRouter budget reached for Test idea: $7.12 of $7.00 spent by this run in that phase. This is AI Inventor's internal l
04:24:11|WARNING|[M3b_arb:M3b_arb:498] failed: HTTP 403: {"error": {"code": "aii_run_budget_exhausted", "message": "AI Inventor per-run OpenRouter budget reached for Test idea: $7.12 of $7.00 spent by this run in that phase. This is AI Inventor's internal l
04:24:11|WARNING|[M3b_arb:M3b_arb:497] failed: HTTP 403: {"error": {"code": "aii_run_budget_exhausted", "message": "AI Inventor per-run OpenRouter budget reached for Test idea: $7.12 of $7.00 spent by this run in that phase. This is AI Inventor's internal l
04:24:11|WARNING|[M3b_arb:M3b_arb:496] failed: HTTP 403: {"error": {"code": "aii_run_budget_exhausted", "message": "AI Inventor per-run OpenRouter budget reached for Test idea: $7.12 of $7.00 spent by this run in that phase. This is AI Inventor's internal l
04:24:11|WARNING|[M3b_arb:M3b_arb:500] failed: HTTP 403: {"error": {"code": "aii_run_budget_exhausted", "message": "AI Inventor per-run OpenRouter budget reached for Test idea: $7.12 of $7.00 spent by this run in that phase. This is AI Inventor's internal l
04:24:11|WARNING|[M3b_arb:M3b_arb:499] failed: HTTP 403: {"error": {"code": "aii_run_budget_exhausted", "message": "AI Inventor per-run OpenRouter budget reached for Test idea: $7.12 of $7.00 spent by this run in that phase. This is AI Inventor's internal l
04:24:11|WARNING|[M3b_arb:M3b_arb:506] failed: HTTP 403: {"error": {"code": "aii_run_budget_exhausted", "message": "AI Inventor per-run OpenRouter budget reached for Test idea: $7.12 of $7.00 spent by this run in that phase. This is AI Inventor's internal l
04:24:11|WARNING|[M3b_arb:M3b_arb:501] failed: HTTP 403: {"error": {"code": "aii_run_budget_exhausted", "message": "AI Inventor per-run OpenRouter budget reached for Test idea: $7.12 of $7.00 spent by this run in that phase. This is AI Inventor's internal l
04:24:11|WARNING|[M3b_arb:M3b_arb:503] failed: HTTP 403: {"error": {"code": "aii_run_budget_exhausted", "message": "AI Inventor per-run OpenRouter budget reached for Test idea: $7.12 of $7.00 spent by this run in that phase. This is AI Inventor's internal l
04:24:11|WARNING|[M3b_arb:M3b_arb:508] failed: HTTP 403: {"error": {"code": "aii_run_budget_exhausted", "message": "AI Inventor per-run OpenRouter budget reached for Test idea: $7.12 of $7.00 spent by this run in that phase. This is AI Inventor's internal l
04:24:11|WARNING|[M3b_arb:M3b_arb:502] failed: HTTP 403: {"error": {"code": "aii_run_budget_exhausted", "message": "AI Inventor per-run OpenRouter budget reached for Test idea: $7.12 of $7.00 spent by this run in that phase. This is AI Inventor's internal l
04:24:11|WARNING|[M3b_arb:M3b_arb:510] failed: HTTP 403: {"error": {"code": "aii_run_budget_exhausted", "message": "AI Inventor per-run OpenRouter budget reached for Test idea: $7.12 of $7.00 spent by this run in that phase. This is AI Inventor's internal l
04:24:11|WARNING|[M3b_arb:M3b_arb:511] failed: HTTP 403: {"error": {"code": "aii_run_budget_exhausted", "message": "AI Inventor per-run OpenRouter budget reached for Test idea: $7.12 of $7.00 spent by this run in that phase. This is AI Inventor's internal l
04:24:11|WARNING|[M3b_arb:M3b_arb:509] failed: HTTP 403: {"error": {"code": "aii_run_budget_exhausted", "message": "AI Inventor per-run OpenRouter budget reached for Test idea: $7.12 of $7.00 spent by this run in that phase. This is AI Inventor's internal l
04:24:11|WARNING|[M3b_arb:M3b_arb:504] failed: HTTP 403: {"error": {"code": "aii_run_budget_exhausted", "message": "AI Inventor per-run OpenRouter budget reached for Test idea: $7.12 of $7.00 spent by this run in that phase. This is AI Inventor's internal l
04:24:11|WARNING|[M3b_arb:M3b_arb:505] failed: HTTP 403: {"error": {"code": "aii_run_budget_exhausted", "message": "AI Inventor per-run OpenRouter budget reached for Test idea: $7.12 of $7.00 spent by this run in that phase. This is AI Inventor's internal l
04:24:11|WARNING|[M3b_arb:M3b_arb:507] failed: HTTP 403: {"error": {"code": "aii_run_budget_exhausted", "message": "AI Inventor per-run OpenRouter budget reached for Test idea: $7.12 of $7.00 spent by this run in that phase. This is AI Inventor's internal l
04:24:11|WARNING|[M3b_arb:M3b_arb:512] failed: HTTP 403: {"error": {"code": "aii_run_budget_exhausted", "message": "AI Inventor per-run OpenRouter budget reached for Test idea: $7.12 of $7.00 spent by this run in that phase. This is AI Inventor's internal l
04:24:11|WARNING|[M3b_arb:M3b_arb:513] failed: HTTP 403: {"error": {"code": "aii_run_budget_exhausted", "message": "AI Inventor per-run OpenRouter budget reached for Test idea: $7.12 of $7.00 spent by this run in that phase. This is AI Inventor's internal l
04:24:11|WARNING|[M3b_arb:M3b_arb:514] failed: HTTP 403: {"error": {"code": "aii_run_budget_exhausted", "message": "AI Inventor per-run OpenRouter budget reached for Test idea: $7.12 of $7.00 spent by this run in that phase. This is AI Inventor's internal l
04:24:11|WARNING|[M3b_arb:M3b_arb:515] failed: HTTP 403: {"error": {"code": "aii_run_budget_exhausted", "message": "AI Inventor per-run OpenRouter budget reached for Test idea: $7.12 of $7.00 spent by this run in that phase. This is AI Inventor's internal l
04:24:11|WARNING|[M3b_arb:M3b_arb:516] failed: HTTP 403: {"error": {"code": "aii_run_budget_exhausted", "message": "AI Inventor per-run OpenRouter budget reached for Test idea: $7.12 of $7.00 spent by this run in that phase. This is AI Inventor's internal l
04:24:11|WARNING|[M3b_arb:M3b_arb:517] failed: HTTP 403: {"error": {"code": "aii_run_budget_exhausted", "message": "AI Inventor per-run OpenRouter budget reached for Test idea: $7.12 of $7.00 spent by this run in that phase. This is AI Inventor's internal l
04:24:11|WARNING|[M3b_arb:M3b_arb:518] failed: HTTP 403: {"error": {"code": "aii_run_budget_exhausted", "message": "AI Inventor per-run OpenRouter budget reached for Test idea: $7.12 of $7.00 spent by this run in that phase. This is AI Inventor's internal l
04:24:11|WARNING|[M3b_arb:M3b_arb:519] failed: HTTP 403: {"error": {"code": "aii_run_budget_exhausted", "message": "AI Inventor per-run OpenRouter budget reached for Test idea: $7.12 of $7.00 spent by this run in that phase. This is AI Inventor's internal l
04:24:11|WARNING|[M3b_arb:M3b_arb:521] failed: HTTP 403: {"error": {"code": "aii_run_budget_exhausted", "message": "AI Inventor per-run OpenRouter budget reached for Test idea: $7.12 of $7.00 spent by this run in that phase. This is AI Inventor's internal l
04:24:11|WARNING|[M3b_arb:M3b_arb:520] failed: HTTP 403: {"error": {"code": "aii_run_budget_exhausted", "message": "AI Inventor per-run OpenRouter budget reached for Test idea: $7.12 of $7.00 spent by this run in that phase. This is AI Inventor's internal l
04:24:11|WARNING|[M3b_arb:M3b_arb:523] failed: HTTP 403: {"error": {"code": "aii_run_budget_exhausted", "message": "AI Inventor per-run OpenRouter budget reached for Test idea: $7.12 of $7.00 spent by this run in that phase. This is AI Inventor's internal l
04:24:11|WARNING|[M3b_arb:M3b_arb:525] failed: HTTP 403: {"error": {"code": "aii_run_budget_exhausted", "message": "AI Inventor per-run OpenRouter budget reached for Test idea: $7.12 of $7.00 spent by this run in that phase. This is AI Inventor's internal l
04:24:11|WARNING|[M3b_arb:M3b_arb:522] failed: HTTP 403: {"error": {"code": "aii_run_budget_exhausted", "message": "AI Inventor per-run OpenRouter budget reached for Test idea: $7.12 of $7.00 spent by this run in that phase. This is AI Inventor's internal l
04:24:11|WARNING|[M3b_arb:M3b_arb:526] failed: HTTP 403: {"error": {"code": "aii_run_budget_exhausted", "message": "AI Inventor per-run OpenRouter budget reached for Test idea: $7.12 of $7.00 spent by this run in that phase. This is AI Inventor's internal l
04:24:11|WARNING|[M3b_arb:M3b_arb:527] failed: HTTP 403: {"error": {"code": "aii_run_budget_exhausted", "message": "AI Inventor per-run OpenRouter budget reached for Test idea: $7.12 of $7.00 spent by this run in that phase. This is AI Inventor's internal l
04:24:11|WARNING|[M3b_arb:M3b_arb:524] failed: HTTP 403: {"error": {"code": "aii_run_budget_exhausted", "message": "AI Inventor per-run OpenRouter budget reached for Test idea: $7.12 of $7.00 spent by this run in that phase. This is AI Inventor's internal l
04:24:11|WARNING|[M3b_arb:M3b_arb:528] failed: HTTP 403: {"error": {"code": "aii_run_budget_exhausted", "message": "AI Inventor per-run OpenRouter budget reached for Test idea: $7.12 of $7.00 spent by this run in that phase. This is AI Inventor's internal l
04:24:11|WARNING|[M3b_arb:M3b_arb:529] failed: HTTP 403: {"error": {"code": "aii_run_budget_exhausted", "message": "AI Inventor per-run OpenRouter budget reached for Test idea: $7.12 of $7.00 spent by this run in that phase. This is AI Inventor's internal l
04:24:11|WARNING|[M3b_arb:M3b_arb:533] failed: HTTP 403: {"error": {"code": "aii_run_budget_exhausted", "message": "AI Inventor per-run OpenRouter budget reached for Test idea: $7.12 of $7.00 spent by this run in that phase. This is AI Inventor's internal l
04:24:11|WARNING|[M3b_arb:M3b_arb:534] failed: HTTP 403: {"error": {"code": "aii_run_budget_exhausted", "message": "AI Inventor per-run OpenRouter budget reached for Test idea: $7.12 of $7.00 spent by this run in that phase. This is AI Inventor's internal l
04:24:11|WARNING|[M3b_arb:M3b_arb:531] failed: HTTP 403: {"error": {"code": "aii_run_budget_exhausted", "message": "AI Inventor per-run OpenRouter budget reached for Test idea: $7.12 of $7.00 spent by this run in that phase. This is AI Inventor's internal l
04:24:11|WARNING|[M3b_arb:M3b_arb:532] failed: HTTP 403: {"error": {"code": "aii_run_budget_exhausted", "message": "AI Inventor per-run OpenRouter budget reached for Test idea: $7.12 of $7.00 spent by this run in that phase. This is AI Inventor's internal l
04:24:11|WARNING|[M3b_arb:M3b_arb:535] failed: HTTP 403: {"error": {"code": "aii_run_budget_exhausted", "message": "AI Inventor per-run OpenRouter budget reached for Test idea: $7.12 of $7.00 spent by this run in that phase. This is AI Inventor's internal l
04:24:11|WARNING|[M3b_arb:M3b_arb:530] failed: HTTP 403: {"error": {"code": "aii_run_budget_exhausted", "message": "AI Inventor per-run OpenRouter budget reached for Test idea: $7.12 of $7.00 spent by this run in that phase. This is AI Inventor's internal l
04:24:11|WARNING|[M3b_arb:M3b_arb:536] failed: HTTP 403: {"error": {"code": "aii_run_budget_exhausted", "message": "AI Inventor per-run OpenRouter budget reached for Test idea: $7.12 of $7.00 spent by this run in that phase. This is AI Inventor's internal l
04:24:11|WARNING|[M3b_arb:M3b_arb:540] failed: HTTP 403: {"error": {"code": "aii_run_budget_exhausted", "message": "AI Inventor per-run OpenRouter budget reached for Test idea: $7.12 of $7.00 spent by this run in that phase. This is AI Inventor's internal l
04:24:11|WARNING|[M3b_arb:M3b_arb:538] failed: HTTP 403: {"error": {"code": "aii_run_budget_exhausted", "message": "AI Inventor per-run OpenRouter budget reached for Test idea: $7.12 of $7.00 spent by this run in that phase. This is AI Inventor's internal l
04:24:11|WARNING|[M3b_arb:M3b_arb:537] failed: HTTP 403: {"error": {"code": "aii_run_budget_exhausted", "message": "AI Inventor per-run OpenRouter budget reached for Test idea: $7.12 of $7.00 spent by this run in that phase. This is AI Inventor's internal l
04:24:11|WARNING|[M3b_arb:M3b_arb:539] failed: HTTP 403: {"error": {"code": "aii_run_budget_exhausted", "message": "AI Inventor per-run OpenRouter budget reached for Test idea: $7.12 of $7.00 spent by this run in that phase. This is AI Inventor's internal l
04:24:11|WARNING|[M3b_arb:M3b_arb:541] failed: HTTP 403: {"error": {"code": "aii_run_budget_exhausted", "message": "AI Inventor per-run OpenRouter budget reached for Test idea: $7.12 of $7.00 spent by this run in that phase. This is AI Inventor's internal l
04:24:11|WARNING|[M3b_arb:M3b_arb:542] failed: HTTP 403: {"error": {"code": "aii_run_budget_exhausted", "message": "AI Inventor per-run OpenRouter budget reached for Test idea: $7.12 of $7.00 spent by this run in that phase. This is AI Inventor's internal l
04:24:11|WARNING|[M3b_arb:M3b_arb:544] failed: HTTP 403: {"error": {"code": "aii_run_budget_exhausted", "message": "AI Inventor per-run OpenRouter budget reached for Test idea: $7.12 of $7.00 spent by this run in that phase. This is AI Inventor's internal l
04:24:11|WARNING|[M3b_arb:M3b_arb:543] failed: HTTP 403: {"error": {"code": "aii_run_budget_exhausted", "message": "AI Inventor per-run OpenRouter budget reached for Test idea: $7.12 of $7.00 spent by this run in that phase. This is AI Inventor's internal l
04:24:11|WARNING|[M3b_arb:M3b_arb:545] failed: HTTP 403: {"error": {"code": "aii_run_budget_exhausted", "message": "AI Inventor per-run OpenRouter budget reached for Test idea: $7.12 of $7.00 spent by this run in that phase. This is AI Inventor's internal l
04:24:11|WARNING|[M3b_arb:M3b_arb:551] failed: HTTP 403: {"error": {"code": "aii_run_budget_exhausted", "message": "AI Inventor per-run OpenRouter budget reached for Test idea: $7.12 of $7.00 spent by this run in that phase. This is AI Inventor's internal l
04:24:11|WARNING|[M3b_arb:M3b_arb:550] failed: HTTP 403: {"error": {"code": "aii_run_budget_exhausted", "message": "AI Inventor per-run OpenRouter budget reached for Test idea: $7.12 of $7.00 spent by this run in that phase. This is AI Inventor's internal l
04:24:11|WARNING|[M3b_arb:M3b_arb:547] failed: HTTP 403: {"error": {"code": "aii_run_budget_exhausted", "message": "AI Inventor per-run OpenRouter budget reached for Test idea: $7.12 of $7.00 spent by this run in that phase. This is AI Inventor's internal l
04:24:11|WARNING|[M3b_arb:M3b_arb:549] failed: HTTP 403: {"error": {"code": "aii_run_budget_exhausted", "message": "AI Inventor per-run OpenRouter budget reached for Test idea: $7.12 of $7.00 spent by this run in that phase. This is AI Inventor's internal l
04:24:11|WARNING|[M3b_arb:M3b_arb:546] failed: HTTP 403: {"error": {"code": "aii_run_budget_exhausted", "message": "AI Inventor per-run OpenRouter budget reached for Test idea: $7.12 of $7.00 spent by this run in that phase. This is AI Inventor's internal l
04:24:11|WARNING|[M3b_arb:M3b_arb:548] failed: HTTP 403: {"error": {"code": "aii_run_budget_exhausted", "message": "AI Inventor per-run OpenRouter budget reached for Test idea: $7.12 of $7.00 spent by this run in that phase. This is AI Inventor's internal l
04:24:11|WARNING|[M3b_arb:M3b_arb:552] failed: HTTP 403: {"error": {"code": "aii_run_budget_exhausted", "message": "AI Inventor per-run OpenRouter budget reached for Test idea: $7.12 of $7.00 spent by this run in that phase. This is AI Inventor's internal l
04:24:11|WARNING|[M3b_arb:M3b_arb:556] failed: HTTP 403: {"error": {"code": "aii_run_budget_exhausted", "message": "AI Inventor per-run OpenRouter budget reached for Test idea: $7.12 of $7.00 spent by this run in that phase. This is AI Inventor's internal l
04:24:11|WARNING|[M3b_arb:M3b_arb:557] failed: HTTP 403: {"error": {"code": "aii_run_budget_exhausted", "message": "AI Inventor per-run OpenRouter budget reached for Test idea: $7.12 of $7.00 spent by this run in that phase. This is AI Inventor's internal l
04:24:11|WARNING|[M3b_arb:M3b_arb:555] failed: HTTP 403: {"error": {"code": "aii_run_budget_exhausted", "message": "AI Inventor per-run OpenRouter budget reached for Test idea: $7.12 of $7.00 spent by this run in that phase. This is AI Inventor's internal l
04:24:11|WARNING|[M3b_arb:M3b_arb:554] failed: HTTP 403: {"error": {"code": "aii_run_budget_exhausted", "message": "AI Inventor per-run OpenRouter budget reached for Test idea: $7.12 of $7.00 spent by this run in that phase. This is AI Inventor's internal l
04:24:11|WARNING|[M3b_arb:M3b_arb:553] failed: HTTP 403: {"error": {"code": "aii_run_budget_exhausted", "message": "AI Inventor per-run OpenRouter budget reached for Test idea: $7.12 of $7.00 spent by this run in that phase. This is AI Inventor's internal l
04:24:11|WARNING|[M3b_arb:M3b_arb:558] failed: HTTP 403: {"error": {"code": "aii_run_budget_exhausted", "message": "AI Inventor per-run OpenRouter budget reached for Test idea: $7.12 of $7.00 spent by this run in that phase. This is AI Inventor's internal l
04:24:11|WARNING|[M3b_arb:M3b_arb:560] failed: HTTP 403: {"error": {"code": "aii_run_budget_exhausted", "message": "AI Inventor per-run OpenRouter budget reached for Test idea: $7.12 of $7.00 spent by this run in that phase. This is AI Inventor's internal l
04:24:11|WARNING|[M3b_arb:M3b_arb:562] failed: HTTP 403: {"error": {"code": "aii_run_budget_exhausted", "message": "AI Inventor per-run OpenRouter budget reached for Test idea: $7.12 of $7.00 spent by this run in that phase. This is AI Inventor's internal l
04:24:11|WARNING|[M3b_arb:M3b_arb:561] failed: HTTP 403: {"error": {"code": "aii_run_budget_exhausted", "message": "AI Inventor per-run OpenRouter budget reached for Test idea: $7.12 of $7.00 spent by this run in that phase. This is AI Inventor's internal l
04:24:11|WARNING|[M3b_arb:M3b_arb:559] failed: HTTP 403: {"error": {"code": "aii_run_budget_exhausted", "message": "AI Inventor per-run OpenRouter budget reached for Test idea: $7.12 of $7.00 spent by this run in that phase. This is AI Inventor's internal l
04:24:11|WARNING|[M3b_arb:M3b_arb:564] failed: HTTP 403: {"error": {"code": "aii_run_budget_exhausted", "message": "AI Inventor per-run OpenRouter budget reached for Test idea: $7.12 of $7.00 spent by this run in that phase. This is AI Inventor's internal l
04:24:11|WARNING|[M3b_arb:M3b_arb:565] failed: HTTP 403: {"error": {"code": "aii_run_budget_exhausted", "message": "AI Inventor per-run OpenRouter budget reached for Test idea: $7.12 of $7.00 spent by this run in that phase. This is AI Inventor's internal l
04:24:11|WARNING|[M3b_arb:M3b_arb:566] failed: HTTP 403: {"error": {"code": "aii_run_budget_exhausted", "message": "AI Inventor per-run OpenRouter budget reached for Test idea: $7.12 of $7.00 spent by this run in that phase. This is AI Inventor's internal l
04:24:11|WARNING|[M3b_arb:M3b_arb:563] failed: HTTP 403: {"error": {"code": "aii_run_budget_exhausted", "message": "AI Inventor per-run OpenRouter budget reached for Test idea: $7.12 of $7.00 spent by this run in that phase. This is AI Inventor's internal l
04:24:11|WARNING|[M3b_arb:M3b_arb:568] failed: HTTP 403: {"error": {"code": "aii_run_budget_exhausted", "message": "AI Inventor per-run OpenRouter budget reached for Test idea: $7.12 of $7.00 spent by this run in that phase. This is AI Inventor's internal l
04:24:11|WARNING|[M3b_arb:M3b_arb:567] failed: HTTP 403: {"error": {"code": "aii_run_budget_exhausted", "message": "AI Inventor per-run OpenRouter budget reached for Test idea: $7.12 of $7.00 spent by this run in that phase. This is AI Inventor's internal l
04:24:11|WARNING|[M3b_arb:M3b_arb:569] failed: HTTP 403: {"error": {"code": "aii_run_budget_exhausted", "message": "AI Inventor per-run OpenRouter budget reached for Test idea: $7.12 of $7.00 spent by this run in that phase. This is AI Inventor's internal l
04:24:11|WARNING|[M3b_arb:M3b_arb:572] failed: HTTP 403: {"error": {"code": "aii_run_budget_exhausted", "message": "AI Inventor per-run OpenRouter budget reached for Test idea: $7.12 of $7.00 spent by this run in that phase. This is AI Inventor's internal l
04:24:11|WARNING|[M3b_arb:M3b_arb:570] failed: HTTP 403: {"error": {"code": "aii_run_budget_exhausted", "message": "AI Inventor per-run OpenRouter budget reached for Test idea: $7.12 of $7.00 spent by this run in that phase. This is AI Inventor's internal l
04:24:11|WARNING|[M3b_arb:M3b_arb:574] failed: HTTP 403: {"error": {"code": "aii_run_budget_exhausted", "message": "AI Inventor per-run OpenRouter budget reached for Test idea: $7.12 of $7.00 spent by this run in that phase. This is AI Inventor's internal l
04:24:11|WARNING|[M3b_arb:M3b_arb:576] failed: HTTP 403: {"error": {"code": "aii_run_budget_exhausted", "message": "AI Inventor per-run OpenRouter budget reached for Test idea: $7.12 of $7.00 spent by this run in that phase. This is AI Inventor's internal l
04:24:11|WARNING|[M3b_arb:M3b_arb:575] failed: HTTP 403: {"error": {"code": "aii_run_budget_exhausted", "message": "AI Inventor per-run OpenRouter budget reached for Test idea: $7.12 of $7.00 spent by this run in that phase. This is AI Inventor's internal l
04:24:11|WARNING|[M3b_arb:M3b_arb:573] failed: HTTP 403: {"error": {"code": "aii_run_budget_exhausted", "message": "AI Inventor per-run OpenRouter budget reached for Test idea: $7.12 of $7.00 spent by this run in that phase. This is AI Inventor's internal l
04:24:11|WARNING|[M3b_arb:M3b_arb:571] failed: HTTP 403: {"error": {"code": "aii_run_budget_exhausted", "message": "AI Inventor per-run OpenRouter budget reached for Test idea: $7.12 of $7.00 spent by this run in that phase. This is AI Inventor's internal l
04:24:11|WARNING|[M3b_arb:M3b_arb:577] failed: HTTP 403: {"error": {"code": "aii_run_budget_exhausted", "message": "AI Inventor per-run OpenRouter budget reached for Test idea: $7.12 of $7.00 spent by this run in that phase. This is AI Inventor's internal l
04:24:11|WARNING|[M3b_arb:M3b_arb:580] failed: HTTP 403: {"error": {"code": "aii_run_budget_exhausted", "message": "AI Inventor per-run OpenRouter budget reached for Test idea: $7.12 of $7.00 spent by this run in that phase. This is AI Inventor's internal l
04:24:11|WARNING|[M3b_arb:M3b_arb:579] failed: HTTP 403: {"error": {"code": "aii_run_budget_exhausted", "message": "AI Inventor per-run OpenRouter budget reached for Test idea: $7.12 of $7.00 spent by this run in that phase. This is AI Inventor's internal l
04:24:11|WARNING|[M3b_arb:M3b_arb:581] failed: HTTP 403: {"error": {"code": "aii_run_budget_exhausted", "message": "AI Inventor per-run OpenRouter budget reached for Test idea: $7.12 of $7.00 spent by this run in that phase. This is AI Inventor's internal l
04:24:11|WARNING|[M3b_arb:M3b_arb:582] failed: HTTP 403: {"error": {"code": "aii_run_budget_exhausted", "message": "AI Inventor per-run OpenRouter budget reached for Test idea: $7.12 of $7.00 spent by this run in that phase. This is AI Inventor's internal l
04:24:11|WARNING|[M3b_arb:M3b_arb:578] failed: HTTP 403: {"error": {"code": "aii_run_budget_exhausted", "message": "AI Inventor per-run OpenRouter budget reached for Test idea: $7.12 of $7.00 spent by this run in that phase. This is AI Inventor's internal l
04:24:11|WARNING|[M3b_arb:M3b_arb:583] failed: HTTP 403: {"error": {"code": "aii_run_budget_exhausted", "message": "AI Inventor per-run OpenRouter budget reached for Test idea: $7.12 of $7.00 spent by this run in that phase. This is AI Inventor's internal l
04:24:11|WARNING|[M3b_arb:M3b_arb:584] failed: HTTP 403: {"error": {"code": "aii_run_budget_exhausted", "message": "AI Inventor per-run OpenRouter budget reached for Test idea: $7.12 of $7.00 spent by this run in that phase. This is AI Inventor's internal l
04:24:11|WARNING|[M3b_arb:M3b_arb:585] failed: HTTP 403: {"error": {"code": "aii_run_budget_exhausted", "message": "AI Inventor per-run OpenRouter budget reached for Test idea: $7.12 of $7.00 spent by this run in that phase. This is AI Inventor's internal l
04:24:11|WARNING|[M3b_arb:M3b_arb:586] failed: HTTP 403: {"error": {"code": "aii_run_budget_exhausted", "message": "AI Inventor per-run OpenRouter budget reached for Test idea: $7.12 of $7.00 spent by this run in that phase. This is AI Inventor's internal l
04:24:11|WARNING|[M3b_arb:M3b_arb:589] failed: HTTP 403: {"error": {"code": "aii_run_budget_exhausted", "message": "AI Inventor per-run OpenRouter budget reached for Test idea: $7.12 of $7.00 spent by this run in that phase. This is AI Inventor's internal l
04:24:11|WARNING|[M3b_arb:M3b_arb:587] failed: HTTP 403: {"error": {"code": "aii_run_budget_exhausted", "message": "AI Inventor per-run OpenRouter budget reached for Test idea: $7.12 of $7.00 spent by this run in that phase. This is AI Inventor's internal l
04:24:11|WARNING|[M3b_arb:M3b_arb:588] failed: HTTP 403: {"error": {"code": "aii_run_budget_exhausted", "message": "AI Inventor per-run OpenRouter budget reached for Test idea: $7.12 of $7.00 spent by this run in that phase. This is AI Inventor's internal l
04:24:11|WARNING|[M3b_arb:M3b_arb:593] failed: HTTP 403: {"error": {"code": "aii_run_budget_exhausted", "message": "AI Inventor per-run OpenRouter budget reached for Test idea: $7.12 of $7.00 spent by this run in that phase. This is AI Inventor's internal l
04:24:11|WARNING|[M3b_arb:M3b_arb:591] failed: HTTP 403: {"error": {"code": "aii_run_budget_exhausted", "message": "AI Inventor per-run OpenRouter budget reached for Test idea: $7.12 of $7.00 spent by this run in that phase. This is AI Inventor's internal l
04:24:11|WARNING|[M3b_arb:M3b_arb:592] failed: HTTP 403: {"error": {"code": "aii_run_budget_exhausted", "message": "AI Inventor per-run OpenRouter budget reached for Test idea: $7.12 of $7.00 spent by this run in that phase. This is AI Inventor's internal l
04:24:11|WARNING|[M3b_arb:M3b_arb:590] failed: HTTP 403: {"error": {"code": "aii_run_budget_exhausted", "message": "AI Inventor per-run OpenRouter budget reached for Test idea: $7.12 of $7.00 spent by this run in that phase. This is AI Inventor's internal l
04:24:11|WARNING|[M3b_arb:M3b_arb:595] failed: HTTP 403: {"error": {"code": "aii_run_budget_exhausted", "message": "AI Inventor per-run OpenRouter budget reached for Test idea: $7.12 of $7.00 spent by this run in that phase. This is AI Inventor's internal l
04:24:11|WARNING|[M3b_arb:M3b_arb:599] failed: HTTP 403: {"error": {"code": "aii_run_budget_exhausted", "message": "AI Inventor per-run OpenRouter budget reached for Test idea: $7.12 of $7.00 spent by this run in that phase. This is AI Inventor's internal l
04:24:11|WARNING|[M3b_arb:M3b_arb:594] failed: HTTP 403: {"error": {"code": "aii_run_budget_exhausted", "message": "AI Inventor per-run OpenRouter budget reached for Test idea: $7.12 of $7.00 spent by this run in that phase. This is AI Inventor's internal l
04:24:11|WARNING|[M3b_arb:M3b_arb:598] failed: HTTP 403: {"error": {"code": "aii_run_budget_exhausted", "message": "AI Inventor per-run OpenRouter budget reached for Test idea: $7.12 of $7.00 spent by this run in that phase. This is AI Inventor's internal l
04:24:11|WARNING|[M3b_arb:M3b_arb:596] failed: HTTP 403: {"error": {"code": "aii_run_budget_exhausted", "message": "AI Inventor per-run OpenRouter budget reached for Test idea: $7.12 of $7.00 spent by this run in that phase. This is AI Inventor's internal l
04:24:11|WARNING|[M3b_arb:M3b_arb:597] failed: HTTP 403: {"error": {"code": "aii_run_budget_exhausted", "message": "AI Inventor per-run OpenRouter budget reached for Test idea: $7.12 of $7.00 spent by this run in that phase. This is AI Inventor's internal l
04:24:11|WARNING|[M3b_arb:M3b_arb:600] failed: HTTP 403: {"error": {"code": "aii_run_budget_exhausted", "message": "AI Inventor per-run OpenRouter budget reached for Test idea: $7.12 of $7.00 spent by this run in that phase. This is AI Inventor's internal l
04:24:11|WARNING|[M3b_arb:M3b_arb:601] failed: HTTP 403: {"error": {"code": "aii_run_budget_exhausted", "message": "AI Inventor per-run OpenRouter budget reached for Test idea: $7.12 of $7.00 spent by this run in that phase. This is AI Inventor's internal l
04:24:11|WARNING|[M3b_arb:M3b_arb:602] failed: HTTP 403: {"error": {"code": "aii_run_budget_exhausted", "message": "AI Inventor per-run OpenRouter budget reached for Test idea: $7.12 of $7.00 spent by this run in that phase. This is AI Inventor's internal l
04:24:11|WARNING|[M3b_arb:M3b_arb:603] failed: HTTP 403: {"error": {"code": "aii_run_budget_exhausted", "message": "AI Inventor per-run OpenRouter budget reached for Test idea: $7.12 of $7.00 spent by this run in that phase. This is AI Inventor's internal l
04:24:11|WARNING|[M3b_arb:M3b_arb:609] failed: HTTP 403: {"error": {"code": "aii_run_budget_exhausted", "message": "AI Inventor per-run OpenRouter budget reached for Test idea: $7.12 of $7.00 spent by this run in that phase. This is AI Inventor's internal l
04:24:11|WARNING|[M3b_arb:M3b_arb:604] failed: HTTP 403: {"error": {"code": "aii_run_budget_exhausted", "message": "AI Inventor per-run OpenRouter budget reached for Test idea: $7.12 of $7.00 spent by this run in that phase. This is AI Inventor's internal l
04:24:11|WARNING|[M3b_arb:M3b_arb:607] failed: HTTP 403: {"error": {"code": "aii_run_budget_exhausted", "message": "AI Inventor per-run OpenRouter budget reached for Test idea: $7.12 of $7.00 spent by this run in that phase. This is AI Inventor's internal l
04:24:11|WARNING|[M3b_arb:M3b_arb:605] failed: HTTP 403: {"error": {"code": "aii_run_budget_exhausted", "message": "AI Inventor per-run OpenRouter budget reached for Test idea: $7.12 of $7.00 spent by this run in that phase. This is AI Inventor's internal l
04:24:11|WARNING|[M3b_arb:M3b_arb:606] failed: HTTP 403: {"error": {"code": "aii_run_budget_exhausted", "message": "AI Inventor per-run OpenRouter budget reached for Test idea: $7.12 of $7.00 spent by this run in that phase. This is AI Inventor's internal l
04:24:11|WARNING|[M3b_arb:M3b_arb:610] failed: HTTP 403: {"error": {"code": "aii_run_budget_exhausted", "message": "AI Inventor per-run OpenRouter budget reached for Test idea: $7.12 of $7.00 spent by this run in that phase. This is AI Inventor's internal l
04:24:11|WARNING|[M3b_arb:M3b_arb:608] failed: HTTP 403: {"error": {"code": "aii_run_budget_exhausted", "message": "AI Inventor per-run OpenRouter budget reached for Test idea: $7.12 of $7.00 spent by this run in that phase. This is AI Inventor's internal l
04:24:11|WARNING|[M3b_arb:M3b_arb:611] failed: HTTP 403: {"error": {"code": "aii_run_budget_exhausted", "message": "AI Inventor per-run OpenRouter budget reached for Test idea: $7.12 of $7.00 spent by this run in that phase. This is AI Inventor's internal l
04:24:11|WARNING|[M3b_arb:M3b_arb:612] failed: HTTP 403: {"error": {"code": "aii_run_budget_exhausted", "message": "AI Inventor per-run OpenRouter budget reached for Test idea: $7.12 of $7.00 spent by this run in that phase. This is AI Inventor's internal l
04:24:11|WARNING|[M3b_arb:M3b_arb:614] failed: HTTP 403: {"error": {"code": "aii_run_budget_exhausted", "message": "AI Inventor per-run OpenRouter budget reached for Test idea: $7.12 of $7.00 spent by this run in that phase. This is AI Inventor's internal l
04:24:11|WARNING|[M3b_arb:M3b_arb:613] failed: HTTP 403: {"error": {"code": "aii_run_budget_exhausted", "message": "AI Inventor per-run OpenRouter budget reached for Test idea: $7.12 of $7.00 spent by this run in that phase. This is AI Inventor's internal l
04:24:11|WARNING|[M3b_arb:M3b_arb:616] failed: HTTP 403: {"error": {"code": "aii_run_budget_exhausted", "message": "AI Inventor per-run OpenRouter budget reached for Test idea: $7.12 of $7.00 spent by this run in that phase. This is AI Inventor's internal l
04:24:11|WARNING|[M3b_arb:M3b_arb:617] failed: HTTP 403: {"error": {"code": "aii_run_budget_exhausted", "message": "AI Inventor per-run OpenRouter budget reached for Test idea: $7.12 of $7.00 spent by this run in that phase. This is AI Inventor's internal l
04:24:11|WARNING|[M3b_arb:M3b_arb:615] failed: HTTP 403: {"error": {"code": "aii_run_budget_exhausted", "message": "AI Inventor per-run OpenRouter budget reached for Test idea: $7.12 of $7.00 spent by this run in that phase. This is AI Inventor's internal l
04:24:11|WARNING|[M3b_arb:M3b_arb:619] failed: HTTP 403: {"error": {"code": "aii_run_budget_exhausted", "message": "AI Inventor per-run OpenRouter budget reached for Test idea: $7.12 of $7.00 spent by this run in that phase. This is AI Inventor's internal l
04:24:11|WARNING|[M3b_arb:M3b_arb:618] failed: HTTP 403: {"error": {"code": "aii_run_budget_exhausted", "message": "AI Inventor per-run OpenRouter budget reached for Test idea: $7.12 of $7.00 spent by this run in that phase. This is AI Inventor's internal l
04:24:11|WARNING|[M3b_arb:M3b_arb:620] failed: HTTP 403: {"error": {"code": "aii_run_budget_exhausted", "message": "AI Inventor per-run OpenRouter budget reached for Test idea: $7.12 of $7.00 spent by this run in that phase. This is AI Inventor's internal l
04:24:11|WARNING|[M3b_arb:M3b_arb:621] failed: HTTP 403: {"error": {"code": "aii_run_budget_exhausted", "message": "AI Inventor per-run OpenRouter budget reached for Test idea: $7.12 of $7.00 spent by this run in that phase. This is AI Inventor's internal l
04:24:11|WARNING|[M3b_arb:M3b_arb:623] failed: HTTP 403: {"error": {"code": "aii_run_budget_exhausted", "message": "AI Inventor per-run OpenRouter budget reached for Test idea: $7.12 of $7.00 spent by this run in that phase. This is AI Inventor's internal l
04:24:11|WARNING|[M3b_arb:M3b_arb:622] failed: HTTP 403: {"error": {"code": "aii_run_budget_exhausted", "message": "AI Inventor per-run OpenRouter budget reached for Test idea: $7.12 of $7.00 spent by this run in that phase. This is AI Inventor's internal l
04:24:11|WARNING|[M3b_arb:M3b_arb:625] failed: HTTP 403: {"error": {"code": "aii_run_budget_exhausted", "message": "AI Inventor per-run OpenRouter budget reached for Test idea: $7.12 of $7.00 spent by this run in that phase. This is AI Inventor's internal l
04:24:11|WARNING|[M3b_arb:M3b_arb:624] failed: HTTP 403: {"error": {"code": "aii_run_budget_exhausted", "message": "AI Inventor per-run OpenRouter budget reached for Test idea: $7.12 of $7.00 spent by this run in that phase. This is AI Inventor's internal l
04:24:11|WARNING|[M3b_arb:M3b_arb:626] failed: HTTP 403: {"error": {"code": "aii_run_budget_exhausted", "message": "AI Inventor per-run OpenRouter budget reached for Test idea: $7.12 of $7.00 spent by this run in that phase. This is AI Inventor's internal l
04:24:11|WARNING|[M3b_arb:M3b_arb:627] failed: HTTP 403: {"error": {"code": "aii_run_budget_exhausted", "message": "AI Inventor per-run OpenRouter budget reached for Test idea: $7.12 of $7.00 spent by this run in that phase. This is AI Inventor's internal l
04:24:11|WARNING|[M3b_arb:M3b_arb:629] failed: HTTP 403: {"error": {"code": "aii_run_budget_exhausted", "message": "AI Inventor per-run OpenRouter budget reached for Test idea: $7.12 of $7.00 spent by this run in that phase. This is AI Inventor's internal l
04:24:11|WARNING|[M3b_arb:M3b_arb:628] failed: HTTP 403: {"error": {"code": "aii_run_budget_exhausted", "message": "AI Inventor per-run OpenRouter budget reached for Test idea: $7.12 of $7.00 spent by this run in that phase. This is AI Inventor's internal l
04:24:11|WARNING|[M3b_arb:M3b_arb:632] failed: HTTP 403: {"error": {"code": "aii_run_budget_exhausted", "message": "AI Inventor per-run OpenRouter budget reached for Test idea: $7.12 of $7.00 spent by this run in that phase. This is AI Inventor's internal l
04:24:11|WARNING|[M3b_arb:M3b_arb:635] failed: HTTP 403: {"error": {"code": "aii_run_budget_exhausted", "message": "AI Inventor per-run OpenRouter budget reached for Test idea: $7.12 of $7.00 spent by this run in that phase. This is AI Inventor's internal l
04:24:11|WARNING|[M3b_arb:M3b_arb:630] failed: HTTP 403: {"error": {"code": "aii_run_budget_exhausted", "message": "AI Inventor per-run OpenRouter budget reached for Test idea: $7.12 of $7.00 spent by this run in that phase. This is AI Inventor's internal l
04:24:11|WARNING|[M3b_arb:M3b_arb:631] failed: HTTP 403: {"error": {"code": "aii_run_budget_exhausted", "message": "AI Inventor per-run OpenRouter budget reached for Test idea: $7.12 of $7.00 spent by this run in that phase. This is AI Inventor's internal l
04:24:11|WARNING|[M3b_arb:M3b_arb:636] failed: HTTP 403: {"error": {"code": "aii_run_budget_exhausted", "message": "AI Inventor per-run OpenRouter budget reached for Test idea: $7.12 of $7.00 spent by this run in that phase. This is AI Inventor's internal l
04:24:11|WARNING|[M3b_arb:M3b_arb:634] failed: HTTP 403: {"error": {"code": "aii_run_budget_exhausted", "message": "AI Inventor per-run OpenRouter budget reached for Test idea: $7.12 of $7.00 spent by this run in that phase. This is AI Inventor's internal l
04:24:11|WARNING|[M3b_arb:M3b_arb:633] failed: HTTP 403: {"error": {"code": "aii_run_budget_exhausted", "message": "AI Inventor per-run OpenRouter budget reached for Test idea: $7.12 of $7.00 spent by this run in that phase. This is AI Inventor's internal l
04:24:11|WARNING|[M3b_arb:M3b_arb:637] failed: HTTP 403: {"error": {"code": "aii_run_budget_exhausted", "message": "AI Inventor per-run OpenRouter budget reached for Test idea: $7.12 of $7.00 spent by this run in that phase. This is AI Inventor's internal l
04:24:11|WARNING|[M3b_arb:M3b_arb:640] failed: HTTP 403: {"error": {"code": "aii_run_budget_exhausted", "message": "AI Inventor per-run OpenRouter budget reached for Test idea: $7.12 of $7.00 spent by this run in that phase. This is AI Inventor's internal l
04:24:11|WARNING|[M3b_arb:M3b_arb:641] failed: HTTP 403: {"error": {"code": "aii_run_budget_exhausted", "message": "AI Inventor per-run OpenRouter budget reached for Test idea: $7.12 of $7.00 spent by this run in that phase. This is AI Inventor's internal l
04:24:11|WARNING|[M3b_arb:M3b_arb:638] failed: HTTP 403: {"error": {"code": "aii_run_budget_exhausted", "message": "AI Inventor per-run OpenRouter budget reached for Test idea: $7.12 of $7.00 spent by this run in that phase. This is AI Inventor's internal l
04:24:11|WARNING|[M3b_arb:M3b_arb:644] failed: HTTP 403: {"error": {"code": "aii_run_budget_exhausted", "message": "AI Inventor per-run OpenRouter budget reached for Test idea: $7.12 of $7.00 spent by this run in that phase. This is AI Inventor's internal l
04:24:11|WARNING|[M3b_arb:M3b_arb:642] failed: HTTP 403: {"error": {"code": "aii_run_budget_exhausted", "message": "AI Inventor per-run OpenRouter budget reached for Test idea: $7.12 of $7.00 spent by this run in that phase. This is AI Inventor's internal l
04:24:11|WARNING|[M3b_arb:M3b_arb:643] failed: HTTP 403: {"error": {"code": "aii_run_budget_exhausted", "message": "AI Inventor per-run OpenRouter budget reached for Test idea: $7.12 of $7.00 spent by this run in that phase. This is AI Inventor's internal l
04:24:11|WARNING|[M3b_arb:M3b_arb:639] failed: HTTP 403: {"error": {"code": "aii_run_budget_exhausted", "message": "AI Inventor per-run OpenRouter budget reached for Test idea: $7.12 of $7.00 spent by this run in that phase. This is AI Inventor's internal l
04:24:11|WARNING|[M3b_arb:M3b_arb:645] failed: HTTP 403: {"error": {"code": "aii_run_budget_exhausted", "message": "AI Inventor per-run OpenRouter budget reached for Test idea: $7.12 of $7.00 spent by this run in that phase. This is AI Inventor's internal l
04:24:12|WARNING|[M3b_arb:M3b_arb:647] failed: HTTP 403: {"error": {"code": "aii_run_budget_exhausted", "message": "AI Inventor per-run OpenRouter budget reached for Test idea: $7.12 of $7.00 spent by this run in that phase. This is AI Inventor's internal l
04:24:12|WARNING|[M3b_arb:M3b_arb:646] failed: HTTP 403: {"error": {"code": "aii_run_budget_exhausted", "message": "AI Inventor per-run OpenRouter budget reached for Test idea: $7.12 of $7.00 spent by this run in that phase. This is AI Inventor's internal l
04:24:12|WARNING|[M3b_arb:M3b_arb:652] failed: HTTP 403: {"error": {"code": "aii_run_budget_exhausted", "message": "AI Inventor per-run OpenRouter budget reached for Test idea: $7.12 of $7.00 spent by this run in that phase. This is AI Inventor's internal l
04:24:12|WARNING|[M3b_arb:M3b_arb:649] failed: HTTP 403: {"error": {"code": "aii_run_budget_exhausted", "message": "AI Inventor per-run OpenRouter budget reached for Test idea: $7.12 of $7.00 spent by this run in that phase. This is AI Inventor's internal l
04:24:12|WARNING|[M3b_arb:M3b_arb:648] failed: HTTP 403: {"error": {"code": "aii_run_budget_exhausted", "message": "AI Inventor per-run OpenRouter budget reached for Test idea: $7.12 of $7.00 spent by this run in that phase. This is AI Inventor's internal l
04:24:12|WARNING|[M3b_arb:M3b_arb:653] failed: HTTP 403: {"error": {"code": "aii_run_budget_exhausted", "message": "AI Inventor per-run OpenRouter budget reached for Test idea: $7.12 of $7.00 spent by this run in that phase. This is AI Inventor's internal l
04:24:12|WARNING|[M3b_arb:M3b_arb:651] failed: HTTP 403: {"error": {"code": "aii_run_budget_exhausted", "message": "AI Inventor per-run OpenRouter budget reached for Test idea: $7.12 of $7.00 spent by this run in that phase. This is AI Inventor's internal l
04:24:12|WARNING|[M3b_arb:M3b_arb:650] failed: HTTP 403: {"error": {"code": "aii_run_budget_exhausted", "message": "AI Inventor per-run OpenRouter budget reached for Test idea: $7.12 of $7.00 spent by this run in that phase. This is AI Inventor's internal l
04:24:12|WARNING|[M3b_arb:M3b_arb:654] failed: HTTP 403: {"error": {"code": "aii_run_budget_exhausted", "message": "AI Inventor per-run OpenRouter budget reached for Test idea: $7.12 of $7.00 spent by this run in that phase. This is AI Inventor's internal l
04:24:12|WARNING|[M3b_arb:M3b_arb:655] failed: HTTP 403: {"error": {"code": "aii_run_budget_exhausted", "message": "AI Inventor per-run OpenRouter budget reached for Test idea: $7.12 of $7.00 spent by this run in that phase. This is AI Inventor's internal l
04:24:12|WARNING|[M3b_arb:M3b_arb:656] failed: HTTP 403: {"error": {"code": "aii_run_budget_exhausted", "message": "AI Inventor per-run OpenRouter budget reached for Test idea: $7.12 of $7.00 spent by this run in that phase. This is AI Inventor's internal l
04:24:12|WARNING|[M3b_arb:M3b_arb:657] failed: HTTP 403: {"error": {"code": "aii_run_budget_exhausted", "message": "AI Inventor per-run OpenRouter budget reached for Test idea: $7.12 of $7.00 spent by this run in that phase. This is AI Inventor's internal l
04:24:12|WARNING|[M3b_arb:M3b_arb:658] failed: HTTP 403: {"error": {"code": "aii_run_budget_exhausted", "message": "AI Inventor per-run OpenRouter budget reached for Test idea: $7.12 of $7.00 spent by this run in that phase. This is AI Inventor's internal l
04:24:12|WARNING|[M3b_arb:M3b_arb:661] failed: HTTP 403: {"error": {"code": "aii_run_budget_exhausted", "message": "AI Inventor per-run OpenRouter budget reached for Test idea: $7.12 of $7.00 spent by this run in that phase. This is AI Inventor's internal l
04:24:12|WARNING|[M3b_arb:M3b_arb:660] failed: HTTP 403: {"error": {"code": "aii_run_budget_exhausted", "message": "AI Inventor per-run OpenRouter budget reached for Test idea: $7.12 of $7.00 spent by this run in that phase. This is AI Inventor's internal l
04:24:12|WARNING|[M3b_arb:M3b_arb:659] failed: HTTP 403: {"error": {"code": "aii_run_budget_exhausted", "message": "AI Inventor per-run OpenRouter budget reached for Test idea: $7.12 of $7.00 spent by this run in that phase. This is AI Inventor's internal l
04:24:12|WARNING|[M3b_arb:M3b_arb:663] failed: HTTP 403: {"error": {"code": "aii_run_budget_exhausted", "message": "AI Inventor per-run OpenRouter budget reached for Test idea: $7.12 of $7.00 spent by this run in that phase. This is AI Inventor's internal l
04:24:12|WARNING|[M3b_arb:M3b_arb:662] failed: HTTP 403: {"error": {"code": "aii_run_budget_exhausted", "message": "AI Inventor per-run OpenRouter budget reached for Test idea: $7.12 of $7.00 spent by this run in that phase. This is AI Inventor's internal l
04:24:12|WARNING|[M3b_arb:M3b_arb:666] failed: HTTP 403: {"error": {"code": "aii_run_budget_exhausted", "message": "AI Inventor per-run OpenRouter budget reached for Test idea: $7.12 of $7.00 spent by this run in that phase. This is AI Inventor's internal l
04:24:12|WARNING|[M3b_arb:M3b_arb:668] failed: HTTP 403: {"error": {"code": "aii_run_budget_exhausted", "message": "AI Inventor per-run OpenRouter budget reached for Test idea: $7.12 of $7.00 spent by this run in that phase. This is AI Inventor's internal l
04:24:12|WARNING|[M3b_arb:M3b_arb:665] failed: HTTP 403: {"error": {"code": "aii_run_budget_exhausted", "message": "AI Inventor per-run OpenRouter budget reached for Test idea: $7.12 of $7.00 spent by this run in that phase. This is AI Inventor's internal l
04:24:12|WARNING|[M3b_arb:M3b_arb:667] failed: HTTP 403: {"error": {"code": "aii_run_budget_exhausted", "message": "AI Inventor per-run OpenRouter budget reached for Test idea: $7.12 of $7.00 spent by this run in that phase. This is AI Inventor's internal l
04:24:12|WARNING|[M3b_arb:M3b_arb:669] failed: HTTP 403: {"error": {"code": "aii_run_budget_exhausted", "message": "AI Inventor per-run OpenRouter budget reached for Test idea: $7.12 of $7.00 spent by this run in that phase. This is AI Inventor's internal l
04:24:12|WARNING|[M3b_arb:M3b_arb:664] failed: HTTP 403: {"error": {"code": "aii_run_budget_exhausted", "message": "AI Inventor per-run OpenRouter budget reached for Test idea: $7.12 of $7.00 spent by this run in that phase. This is AI Inventor's internal l
04:24:12|WARNING|[M3b_arb:M3b_arb:670] failed: HTTP 403: {"error": {"code": "aii_run_budget_exhausted", "message": "AI Inventor per-run OpenRouter budget reached for Test idea: $7.12 of $7.00 spent by this run in that phase. This is AI Inventor's internal l
04:24:12|WARNING|[M3b_arb:M3b_arb:672] failed: HTTP 403: {"error": {"code": "aii_run_budget_exhausted", "message": "AI Inventor per-run OpenRouter budget reached for Test idea: $7.12 of $7.00 spent by this run in that phase. This is AI Inventor's internal l
04:24:12|WARNING|[M3b_arb:M3b_arb:671] failed: HTTP 403: {"error": {"code": "aii_run_budget_exhausted", "message": "AI Inventor per-run OpenRouter budget reached for Test idea: $7.12 of $7.00 spent by this run in that phase. This is AI Inventor's internal l
04:24:12|WARNING|[M3b_arb:M3b_arb:673] failed: HTTP 403: {"error": {"code": "aii_run_budget_exhausted", "message": "AI Inventor per-run OpenRouter budget reached for Test idea: $7.12 of $7.00 spent by this run in that phase. This is AI Inventor's internal l
04:24:12|WARNING|[M3b_arb:M3b_arb:676] failed: HTTP 403: {"error": {"code": "aii_run_budget_exhausted", "message": "AI Inventor per-run OpenRouter budget reached for Test idea: $7.12 of $7.00 spent by this run in that phase. This is AI Inventor's internal l
04:24:12|WARNING|[M3b_arb:M3b_arb:675] failed: HTTP 403: {"error": {"code": "aii_run_budget_exhausted", "message": "AI Inventor per-run OpenRouter budget reached for Test idea: $7.12 of $7.00 spent by this run in that phase. This is AI Inventor's internal l
04:24:12|WARNING|[M3b_arb:M3b_arb:677] failed: HTTP 403: {"error": {"code": "aii_run_budget_exhausted", "message": "AI Inventor per-run OpenRouter budget reached for Test idea: $7.12 of $7.00 spent by this run in that phase. This is AI Inventor's internal l
04:24:12|WARNING|[M3b_arb:M3b_arb:674] failed: HTTP 403: {"error": {"code": "aii_run_budget_exhausted", "message": "AI Inventor per-run OpenRouter budget reached for Test idea: $7.12 of $7.00 spent by this run in that phase. This is AI Inventor's internal l
04:24:12|WARNING|[M3b_arb:M3b_arb:678] failed: HTTP 403: {"error": {"code": "aii_run_budget_exhausted", "message": "AI Inventor per-run OpenRouter budget reached for Test idea: $7.12 of $7.00 spent by this run in that phase. This is AI Inventor's internal l
04:24:12|WARNING|[M3b_arb:M3b_arb:680] failed: HTTP 403: {"error": {"code": "aii_run_budget_exhausted", "message": "AI Inventor per-run OpenRouter budget reached for Test idea: $7.12 of $7.00 spent by this run in that phase. This is AI Inventor's internal l
04:24:12|WARNING|[M3b_arb:M3b_arb:679] failed: HTTP 403: {"error": {"code": "aii_run_budget_exhausted", "message": "AI Inventor per-run OpenRouter budget reached for Test idea: $7.12 of $7.00 spent by this run in that phase. This is AI Inventor's internal l
04:24:12|WARNING|[M3b_arb:M3b_arb:684] failed: HTTP 403: {"error": {"code": "aii_run_budget_exhausted", "message": "AI Inventor per-run OpenRouter budget reached for Test idea: $7.12 of $7.00 spent by this run in that phase. This is AI Inventor's internal l
04:24:12|WARNING|[M3b_arb:M3b_arb:681] failed: HTTP 403: {"error": {"code": "aii_run_budget_exhausted", "message": "AI Inventor per-run OpenRouter budget reached for Test idea: $7.12 of $7.00 spent by this run in that phase. This is AI Inventor's internal l
04:24:12|WARNING|[M3b_arb:M3b_arb:682] failed: HTTP 403: {"error": {"code": "aii_run_budget_exhausted", "message": "AI Inventor per-run OpenRouter budget reached for Test idea: $7.12 of $7.00 spent by this run in that phase. This is AI Inventor's internal l
04:24:12|WARNING|[M3b_arb:M3b_arb:683] failed: HTTP 403: {"error": {"code": "aii_run_budget_exhausted", "message": "AI Inventor per-run OpenRouter budget reached for Test idea: $7.12 of $7.00 spent by this run in that phase. This is AI Inventor's internal l
04:24:12|WARNING|[M3b_arb:M3b_arb:685] failed: HTTP 403: {"error": {"code": "aii_run_budget_exhausted", "message": "AI Inventor per-run OpenRouter budget reached for Test idea: $7.12 of $7.00 spent by this run in that phase. This is AI Inventor's internal l
04:24:12|WARNING|[M3b_arb:M3b_arb:686] failed: HTTP 403: {"error": {"code": "aii_run_budget_exhausted", "message": "AI Inventor per-run OpenRouter budget reached for Test idea: $7.12 of $7.00 spent by this run in that phase. This is AI Inventor's internal l
04:24:12|WARNING|[M3b_arb:M3b_arb:687] failed: HTTP 403: {"error": {"code": "aii_run_budget_exhausted", "message": "AI Inventor per-run OpenRouter budget reached for Test idea: $7.12 of $7.00 spent by this run in that phase. This is AI Inventor's internal l
04:24:12|WARNING|[M3b_arb:M3b_arb:689] failed: HTTP 403: {"error": {"code": "aii_run_budget_exhausted", "message": "AI Inventor per-run OpenRouter budget reached for Test idea: $7.12 of $7.00 spent by this run in that phase. This is AI Inventor's internal l
04:24:12|WARNING|[M3b_arb:M3b_arb:688] failed: HTTP 403: {"error": {"code": "aii_run_budget_exhausted", "message": "AI Inventor per-run OpenRouter budget reached for Test idea: $7.12 of $7.00 spent by this run in that phase. This is AI Inventor's internal l
04:24:12|WARNING|[M3b_arb:M3b_arb:691] failed: HTTP 403: {"error": {"code": "aii_run_budget_exhausted", "message": "AI Inventor per-run OpenRouter budget reached for Test idea: $7.12 of $7.00 spent by this run in that phase. This is AI Inventor's internal l
04:24:12|WARNING|[M3b_arb:M3b_arb:690] failed: HTTP 403: {"error": {"code": "aii_run_budget_exhausted", "message": "AI Inventor per-run OpenRouter budget reached for Test idea: $7.12 of $7.00 spent by this run in that phase. This is AI Inventor's internal l
04:24:12|WARNING|[M3b_arb:M3b_arb:692] failed: HTTP 403: {"error": {"code": "aii_run_budget_exhausted", "message": "AI Inventor per-run OpenRouter budget reached for Test idea: $7.12 of $7.00 spent by this run in that phase. This is AI Inventor's internal l
04:24:12|WARNING|[M3b_arb:M3b_arb:693] failed: HTTP 403: {"error": {"code": "aii_run_budget_exhausted", "message": "AI Inventor per-run OpenRouter budget reached for Test idea: $7.12 of $7.00 spent by this run in that phase. This is AI Inventor's internal l
04:24:12|WARNING|[M3b_arb:M3b_arb:694] failed: HTTP 403: {"error": {"code": "aii_run_budget_exhausted", "message": "AI Inventor per-run OpenRouter budget reached for Test idea: $7.12 of $7.00 spent by this run in that phase. This is AI Inventor's internal l
04:24:12|WARNING|[M3b_arb:M3b_arb:699] failed: HTTP 403: {"error": {"code": "aii_run_budget_exhausted", "message": "AI Inventor per-run OpenRouter budget reached for Test idea: $7.12 of $7.00 spent by this run in that phase. This is AI Inventor's internal l
04:24:12|WARNING|[M3b_arb:M3b_arb:696] failed: HTTP 403: {"error": {"code": "aii_run_budget_exhausted", "message": "AI Inventor per-run OpenRouter budget reached for Test idea: $7.12 of $7.00 spent by this run in that phase. This is AI Inventor's internal l
04:24:12|WARNING|[M3b_arb:M3b_arb:697] failed: HTTP 403: {"error": {"code": "aii_run_budget_exhausted", "message": "AI Inventor per-run OpenRouter budget reached for Test idea: $7.12 of $7.00 spent by this run in that phase. This is AI Inventor's internal l
04:24:12|WARNING|[M3b_arb:M3b_arb:695] failed: HTTP 403: {"error": {"code": "aii_run_budget_exhausted", "message": "AI Inventor per-run OpenRouter budget reached for Test idea: $7.12 of $7.00 spent by this run in that phase. This is AI Inventor's internal l
04:24:12|WARNING|[M3b_arb:M3b_arb:698] failed: HTTP 403: {"error": {"code": "aii_run_budget_exhausted", "message": "AI Inventor per-run OpenRouter budget reached for Test idea: $7.12 of $7.00 spent by this run in that phase. This is AI Inventor's internal l
04:24:12|WARNING|[M3b_arb:M3b_arb:701] failed: HTTP 403: {"error": {"code": "aii_run_budget_exhausted", "message": "AI Inventor per-run OpenRouter budget reached for Test idea: $7.12 of $7.00 spent by this run in that phase. This is AI Inventor's internal l
04:24:12|WARNING|[M3b_arb:M3b_arb:703] failed: HTTP 403: {"error": {"code": "aii_run_budget_exhausted", "message": "AI Inventor per-run OpenRouter budget reached for Test idea: $7.12 of $7.00 spent by this run in that phase. This is AI Inventor's internal l
04:24:12|WARNING|[M3b_arb:M3b_arb:700] failed: HTTP 403: {"error": {"code": "aii_run_budget_exhausted", "message": "AI Inventor per-run OpenRouter budget reached for Test idea: $7.12 of $7.00 spent by this run in that phase. This is AI Inventor's internal l
04:24:12|WARNING|[M3b_arb:M3b_arb:702] failed: HTTP 403: {"error": {"code": "aii_run_budget_exhausted", "message": "AI Inventor per-run OpenRouter budget reached for Test idea: $7.12 of $7.00 spent by this run in that phase. This is AI Inventor's internal l
04:24:12|WARNING|[M3b_arb:M3b_arb:704] failed: HTTP 403: {"error": {"code": "aii_run_budget_exhausted", "message": "AI Inventor per-run OpenRouter budget reached for Test idea: $7.12 of $7.00 spent by this run in that phase. This is AI Inventor's internal l
04:24:12|WARNING|[M3b_arb:M3b_arb:706] failed: HTTP 403: {"error": {"code": "aii_run_budget_exhausted", "message": "AI Inventor per-run OpenRouter budget reached for Test idea: $7.12 of $7.00 spent by this run in that phase. This is AI Inventor's internal l
04:24:12|WARNING|[M3b_arb:M3b_arb:705] failed: HTTP 403: {"error": {"code": "aii_run_budget_exhausted", "message": "AI Inventor per-run OpenRouter budget reached for Test idea: $7.12 of $7.00 spent by this run in that phase. This is AI Inventor's internal l
04:24:12|WARNING|[M3b_arb:M3b_arb:709] failed: HTTP 403: {"error": {"code": "aii_run_budget_exhausted", "message": "AI Inventor per-run OpenRouter budget reached for Test idea: $7.12 of $7.00 spent by this run in that phase. This is AI Inventor's internal l
04:24:12|WARNING|[M3b_arb:M3b_arb:707] failed: HTTP 403: {"error": {"code": "aii_run_budget_exhausted", "message": "AI Inventor per-run OpenRouter budget reached for Test idea: $7.12 of $7.00 spent by this run in that phase. This is AI Inventor's internal l
04:24:12|WARNING|[M3b_arb:M3b_arb:708] failed: HTTP 403: {"error": {"code": "aii_run_budget_exhausted", "message": "AI Inventor per-run OpenRouter budget reached for Test idea: $7.12 of $7.00 spent by this run in that phase. This is AI Inventor's internal l
04:24:12|WARNING|[M3b_arb:M3b_arb:711] failed: HTTP 403: {"error": {"code": "aii_run_budget_exhausted", "message": "AI Inventor per-run OpenRouter budget reached for Test idea: $7.12 of $7.00 spent by this run in that phase. This is AI Inventor's internal l
04:24:12|WARNING|[M3b_arb:M3b_arb:710] failed: HTTP 403: {"error": {"code": "aii_run_budget_exhausted", "message": "AI Inventor per-run OpenRouter budget reached for Test idea: $7.12 of $7.00 spent by this run in that phase. This is AI Inventor's internal l
04:24:12|WARNING|[M3b_arb:M3b_arb:712] failed: HTTP 403: {"error": {"code": "aii_run_budget_exhausted", "message": "AI Inventor per-run OpenRouter budget reached for Test idea: $7.12 of $7.00 spent by this run in that phase. This is AI Inventor's internal l
04:24:12|WARNING|[M3b_arb:M3b_arb:713] failed: HTTP 403: {"error": {"code": "aii_run_budget_exhausted", "message": "AI Inventor per-run OpenRouter budget reached for Test idea: $7.12 of $7.00 spent by this run in that phase. This is AI Inventor's internal l
04:24:12|WARNING|[M3b_arb:M3b_arb:714] failed: HTTP 403: {"error": {"code": "aii_run_budget_exhausted", "message": "AI Inventor per-run OpenRouter budget reached for Test idea: $7.12 of $7.00 spent by this run in that phase. This is AI Inventor's internal l
04:24:12|WARNING|[M3b_arb:M3b_arb:717] failed: HTTP 403: {"error": {"code": "aii_run_budget_exhausted", "message": "AI Inventor per-run OpenRouter budget reached for Test idea: $7.12 of $7.00 spent by this run in that phase. This is AI Inventor's internal l
04:24:12|WARNING|[M3b_arb:M3b_arb:716] failed: HTTP 403: {"error": {"code": "aii_run_budget_exhausted", "message": "AI Inventor per-run OpenRouter budget reached for Test idea: $7.12 of $7.00 spent by this run in that phase. This is AI Inventor's internal l
04:24:12|WARNING|[M3b_arb:M3b_arb:718] failed: HTTP 403: {"error": {"code": "aii_run_budget_exhausted", "message": "AI Inventor per-run OpenRouter budget reached for Test idea: $7.12 of $7.00 spent by this run in that phase. This is AI Inventor's internal l
04:24:12|WARNING|[M3b_arb:M3b_arb:715] failed: HTTP 403: {"error": {"code": "aii_run_budget_exhausted", "message": "AI Inventor per-run OpenRouter budget reached for Test idea: $7.12 of $7.00 spent by this run in that phase. This is AI Inventor's internal l
04:24:12|WARNING|[M3b_arb:M3b_arb:720] failed: HTTP 403: {"error": {"code": "aii_run_budget_exhausted", "message": "AI Inventor per-run OpenRouter budget reached for Test idea: $7.12 of $7.00 spent by this run in that phase. This is AI Inventor's internal l
04:24:12|WARNING|[M3b_arb:M3b_arb:719] failed: HTTP 403: {"error": {"code": "aii_run_budget_exhausted", "message": "AI Inventor per-run OpenRouter budget reached for Test idea: $7.12 of $7.00 spent by this run in that phase. This is AI Inventor's internal l
04:24:12|WARNING|[M3b_arb:M3b_arb:721] failed: HTTP 403: {"error": {"code": "aii_run_budget_exhausted", "message": "AI Inventor per-run OpenRouter budget reached for Test idea: $7.12 of $7.00 spent by this run in that phase. This is AI Inventor's internal l
04:24:12|WARNING|[M3b_arb:M3b_arb:726] failed: HTTP 403: {"error": {"code": "aii_run_budget_exhausted", "message": "AI Inventor per-run OpenRouter budget reached for Test idea: $7.12 of $7.00 spent by this run in that phase. This is AI Inventor's internal l
04:24:12|WARNING|[M3b_arb:M3b_arb:724] failed: HTTP 403: {"error": {"code": "aii_run_budget_exhausted", "message": "AI Inventor per-run OpenRouter budget reached for Test idea: $7.12 of $7.00 spent by this run in that phase. This is AI Inventor's internal l
04:24:12|WARNING|[M3b_arb:M3b_arb:725] failed: HTTP 403: {"error": {"code": "aii_run_budget_exhausted", "message": "AI Inventor per-run OpenRouter budget reached for Test idea: $7.12 of $7.00 spent by this run in that phase. This is AI Inventor's internal l
04:24:12|WARNING|[M3b_arb:M3b_arb:727] failed: HTTP 403: {"error": {"code": "aii_run_budget_exhausted", "message": "AI Inventor per-run OpenRouter budget reached for Test idea: $7.12 of $7.00 spent by this run in that phase. This is AI Inventor's internal l
04:24:12|WARNING|[M3b_arb:M3b_arb:722] failed: HTTP 403: {"error": {"code": "aii_run_budget_exhausted", "message": "AI Inventor per-run OpenRouter budget reached for Test idea: $7.12 of $7.00 spent by this run in that phase. This is AI Inventor's internal l
04:24:12|WARNING|[M3b_arb:M3b_arb:723] failed: HTTP 403: {"error": {"code": "aii_run_budget_exhausted", "message": "AI Inventor per-run OpenRouter budget reached for Test idea: $7.12 of $7.00 spent by this run in that phase. This is AI Inventor's internal l
04:24:12|WARNING|[M3b_arb:M3b_arb:729] failed: HTTP 403: {"error": {"code": "aii_run_budget_exhausted", "message": "AI Inventor per-run OpenRouter budget reached for Test idea: $7.12 of $7.00 spent by this run in that phase. This is AI Inventor's internal l
04:24:12|WARNING|[M3b_arb:M3b_arb:728] failed: HTTP 403: {"error": {"code": "aii_run_budget_exhausted", "message": "AI Inventor per-run OpenRouter budget reached for Test idea: $7.12 of $7.00 spent by this run in that phase. This is AI Inventor's internal l
04:24:12|WARNING|[M3b_arb:M3b_arb:735] failed: HTTP 403: {"error": {"code": "aii_run_budget_exhausted", "message": "AI Inventor per-run OpenRouter budget reached for Test idea: $7.12 of $7.00 spent by this run in that phase. This is AI Inventor's internal l
04:24:12|WARNING|[M3b_arb:M3b_arb:734] failed: HTTP 403: {"error": {"code": "aii_run_budget_exhausted", "message": "AI Inventor per-run OpenRouter budget reached for Test idea: $7.12 of $7.00 spent by this run in that phase. This is AI Inventor's internal l
04:24:12|WARNING|[M3b_arb:M3b_arb:730] failed: HTTP 403: {"error": {"code": "aii_run_budget_exhausted", "message": "AI Inventor per-run OpenRouter budget reached for Test idea: $7.12 of $7.00 spent by this run in that phase. This is AI Inventor's internal l
04:24:12|WARNING|[M3b_arb:M3b_arb:732] failed: HTTP 403: {"error": {"code": "aii_run_budget_exhausted", "message": "AI Inventor per-run OpenRouter budget reached for Test idea: $7.12 of $7.00 spent by this run in that phase. This is AI Inventor's internal l
04:24:12|WARNING|[M3b_arb:M3b_arb:736] failed: HTTP 403: {"error": {"code": "aii_run_budget_exhausted", "message": "AI Inventor per-run OpenRouter budget reached for Test idea: $7.12 of $7.00 spent by this run in that phase. This is AI Inventor's internal l
04:24:12|WARNING|[M3b_arb:M3b_arb:733] failed: HTTP 403: {"error": {"code": "aii_run_budget_exhausted", "message": "AI Inventor per-run OpenRouter budget reached for Test idea: $7.12 of $7.00 spent by this run in that phase. This is AI Inventor's internal l
04:24:12|WARNING|[M3b_arb:M3b_arb:737] failed: HTTP 403: {"error": {"code": "aii_run_budget_exhausted", "message": "AI Inventor per-run OpenRouter budget reached for Test idea: $7.12 of $7.00 spent by this run in that phase. This is AI Inventor's internal l
04:24:12|WARNING|[M3b_arb:M3b_arb:731] failed: HTTP 403: {"error": {"code": "aii_run_budget_exhausted", "message": "AI Inventor per-run OpenRouter budget reached for Test idea: $7.12 of $7.00 spent by this run in that phase. This is AI Inventor's internal l
04:24:12|WARNING|[M3b_arb:M3b_arb:738] failed: HTTP 403: {"error": {"code": "aii_run_budget_exhausted", "message": "AI Inventor per-run OpenRouter budget reached for Test idea: $7.12 of $7.00 spent by this run in that phase. This is AI Inventor's internal l
04:24:12|WARNING|[M3b_arb:M3b_arb:739] failed: HTTP 403: {"error": {"code": "aii_run_budget_exhausted", "message": "AI Inventor per-run OpenRouter budget reached for Test idea: $7.12 of $7.00 spent by this run in that phase. This is AI Inventor's internal l
04:24:12|WARNING|[M3b_arb:M3b_arb:741] failed: HTTP 403: {"error": {"code": "aii_run_budget_exhausted", "message": "AI Inventor per-run OpenRouter budget reached for Test idea: $7.12 of $7.00 spent by this run in that phase. This is AI Inventor's internal l
04:24:12|WARNING|[M3b_arb:M3b_arb:744] failed: HTTP 403: {"error": {"code": "aii_run_budget_exhausted", "message": "AI Inventor per-run OpenRouter budget reached for Test idea: $7.12 of $7.00 spent by this run in that phase. This is AI Inventor's internal l
04:24:12|WARNING|[M3b_arb:M3b_arb:745] failed: HTTP 403: {"error": {"code": "aii_run_budget_exhausted", "message": "AI Inventor per-run OpenRouter budget reached for Test idea: $7.12 of $7.00 spent by this run in that phase. This is AI Inventor's internal l
04:24:12|WARNING|[M3b_arb:M3b_arb:740] failed: HTTP 403: {"error": {"code": "aii_run_budget_exhausted", "message": "AI Inventor per-run OpenRouter budget reached for Test idea: $7.12 of $7.00 spent by this run in that phase. This is AI Inventor's internal l
04:24:12|WARNING|[M3b_arb:M3b_arb:743] failed: HTTP 403: {"error": {"code": "aii_run_budget_exhausted", "message": "AI Inventor per-run OpenRouter budget reached for Test idea: $7.12 of $7.00 spent by this run in that phase. This is AI Inventor's internal l
04:24:12|WARNING|[M3b_arb:M3b_arb:742] failed: HTTP 403: {"error": {"code": "aii_run_budget_exhausted", "message": "AI Inventor per-run OpenRouter budget reached for Test idea: $7.12 of $7.00 spent by this run in that phase. This is AI Inventor's internal l
04:24:12|WARNING|[M3b_arb:M3b_arb:748] failed: HTTP 403: {"error": {"code": "aii_run_budget_exhausted", "message": "AI Inventor per-run OpenRouter budget reached for Test idea: $7.12 of $7.00 spent by this run in that phase. This is AI Inventor's internal l
04:24:12|WARNING|[M3b_arb:M3b_arb:749] failed: HTTP 403: {"error": {"code": "aii_run_budget_exhausted", "message": "AI Inventor per-run OpenRouter budget reached for Test idea: $7.12 of $7.00 spent by this run in that phase. This is AI Inventor's internal l
04:24:12|WARNING|[M3b_arb:M3b_arb:750] failed: HTTP 403: {"error": {"code": "aii_run_budget_exhausted", "message": "AI Inventor per-run OpenRouter budget reached for Test idea: $7.12 of $7.00 spent by this run in that phase. This is AI Inventor's internal l
04:24:12|WARNING|[M3b_arb:M3b_arb:751] failed: HTTP 403: {"error": {"code": "aii_run_budget_exhausted", "message": "AI Inventor per-run OpenRouter budget reached for Test idea: $7.12 of $7.00 spent by this run in that phase. This is AI Inventor's internal l
04:24:12|WARNING|[M3b_arb:M3b_arb:747] failed: HTTP 403: {"error": {"code": "aii_run_budget_exhausted", "message": "AI Inventor per-run OpenRouter budget reached for Test idea: $7.12 of $7.00 spent by this run in that phase. This is AI Inventor's internal l
04:24:12|WARNING|[M3b_arb:M3b_arb:746] failed: HTTP 403: {"error": {"code": "aii_run_budget_exhausted", "message": "AI Inventor per-run OpenRouter budget reached for Test idea: $7.12 of $7.00 spent by this run in that phase. This is AI Inventor's internal l
04:24:12|WARNING|[M3b_arb:M3b_arb:752] failed: HTTP 403: {"error": {"code": "aii_run_budget_exhausted", "message": "AI Inventor per-run OpenRouter budget reached for Test idea: $7.12 of $7.00 spent by this run in that phase. This is AI Inventor's internal l
04:24:12|WARNING|[M3b_arb:M3b_arb:753] failed: HTTP 403: {"error": {"code": "aii_run_budget_exhausted", "message": "AI Inventor per-run OpenRouter budget reached for Test idea: $7.12 of $7.00 spent by this run in that phase. This is AI Inventor's internal l
04:24:12|WARNING|[M3b_arb:M3b_arb:754] failed: HTTP 403: {"error": {"code": "aii_run_budget_exhausted", "message": "AI Inventor per-run OpenRouter budget reached for Test idea: $7.12 of $7.00 spent by this run in that phase. This is AI Inventor's internal l
04:24:12|WARNING|[M3b_arb:M3b_arb:755] failed: HTTP 403: {"error": {"code": "aii_run_budget_exhausted", "message": "AI Inventor per-run OpenRouter budget reached for Test idea: $7.12 of $7.00 spent by this run in that phase. This is AI Inventor's internal l
04:24:12|WARNING|[M3b_arb:M3b_arb:757] failed: HTTP 403: {"error": {"code": "aii_run_budget_exhausted", "message": "AI Inventor per-run OpenRouter budget reached for Test idea: $7.12 of $7.00 spent by this run in that phase. This is AI Inventor's internal l
04:24:12|WARNING|[M3b_arb:M3b_arb:756] failed: HTTP 403: {"error": {"code": "aii_run_budget_exhausted", "message": "AI Inventor per-run OpenRouter budget reached for Test idea: $7.12 of $7.00 spent by this run in that phase. This is AI Inventor's internal l
04:24:12|WARNING|[M3b_arb:M3b_arb:761] failed: HTTP 403: {"error": {"code": "aii_run_budget_exhausted", "message": "AI Inventor per-run OpenRouter budget reached for Test idea: $7.12 of $7.00 spent by this run in that phase. This is AI Inventor's internal l
04:24:12|WARNING|[M3b_arb:M3b_arb:758] failed: HTTP 403: {"error": {"code": "aii_run_budget_exhausted", "message": "AI Inventor per-run OpenRouter budget reached for Test idea: $7.12 of $7.00 spent by this run in that phase. This is AI Inventor's internal l
04:24:12|WARNING|[M3b_arb:M3b_arb:762] failed: HTTP 403: {"error": {"code": "aii_run_budget_exhausted", "message": "AI Inventor per-run OpenRouter budget reached for Test idea: $7.12 of $7.00 spent by this run in that phase. This is AI Inventor's internal l
04:24:12|WARNING|[M3b_arb:M3b_arb:760] failed: HTTP 403: {"error": {"code": "aii_run_budget_exhausted", "message": "AI Inventor per-run OpenRouter budget reached for Test idea: $7.12 of $7.00 spent by this run in that phase. This is AI Inventor's internal l
04:24:12|WARNING|[M3b_arb:M3b_arb:759] failed: HTTP 403: {"error": {"code": "aii_run_budget_exhausted", "message": "AI Inventor per-run OpenRouter budget reached for Test idea: $7.12 of $7.00 spent by this run in that phase. This is AI Inventor's internal l
04:24:12|WARNING|[M3b_arb:M3b_arb:763] failed: HTTP 403: {"error": {"code": "aii_run_budget_exhausted", "message": "AI Inventor per-run OpenRouter budget reached for Test idea: $7.12 of $7.00 spent by this run in that phase. This is AI Inventor's internal l
04:24:12|WARNING|[M3b_arb:M3b_arb:765] failed: HTTP 403: {"error": {"code": "aii_run_budget_exhausted", "message": "AI Inventor per-run OpenRouter budget reached for Test idea: $7.12 of $7.00 spent by this run in that phase. This is AI Inventor's internal l
04:24:12|WARNING|[M3b_arb:M3b_arb:770] failed: HTTP 403: {"error": {"code": "aii_run_budget_exhausted", "message": "AI Inventor per-run OpenRouter budget reached for Test idea: $7.12 of $7.00 spent by this run in that phase. This is AI Inventor's internal l
04:24:12|WARNING|[M3b_arb:M3b_arb:769] failed: HTTP 403: {"error": {"code": "aii_run_budget_exhausted", "message": "AI Inventor per-run OpenRouter budget reached for Test idea: $7.12 of $7.00 spent by this run in that phase. This is AI Inventor's internal l
04:24:12|WARNING|[M3b_arb:M3b_arb:764] failed: HTTP 403: {"error": {"code": "aii_run_budget_exhausted", "message": "AI Inventor per-run OpenRouter budget reached for Test idea: $7.12 of $7.00 spent by this run in that phase. This is AI Inventor's internal l
04:24:12|WARNING|[M3b_arb:M3b_arb:767] failed: HTTP 403: {"error": {"code": "aii_run_budget_exhausted", "message": "AI Inventor per-run OpenRouter budget reached for Test idea: $7.12 of $7.00 spent by this run in that phase. This is AI Inventor's internal l
04:24:12|WARNING|[M3b_arb:M3b_arb:768] failed: HTTP 403: {"error": {"code": "aii_run_budget_exhausted", "message": "AI Inventor per-run OpenRouter budget reached for Test idea: $7.12 of $7.00 spent by this run in that phase. This is AI Inventor's internal l
04:24:12|WARNING|[M3b_arb:M3b_arb:766] failed: HTTP 403: {"error": {"code": "aii_run_budget_exhausted", "message": "AI Inventor per-run OpenRouter budget reached for Test idea: $7.12 of $7.00 spent by this run in that phase. This is AI Inventor's internal l
04:24:12|WARNING|[M3b_arb:M3b_arb:771] failed: HTTP 403: {"error": {"code": "aii_run_budget_exhausted", "message": "AI Inventor per-run OpenRouter budget reached for Test idea: $7.12 of $7.00 spent by this run in that phase. This is AI Inventor's internal l
04:24:12|WARNING|[M3b_arb:M3b_arb:772] failed: HTTP 403: {"error": {"code": "aii_run_budget_exhausted", "message": "AI Inventor per-run OpenRouter budget reached for Test idea: $7.12 of $7.00 spent by this run in that phase. This is AI Inventor's internal l
04:24:12|WARNING|[M3b_arb:M3b_arb:775] failed: HTTP 403: {"error": {"code": "aii_run_budget_exhausted", "message": "AI Inventor per-run OpenRouter budget reached for Test idea: $7.12 of $7.00 spent by this run in that phase. This is AI Inventor's internal l
04:24:12|WARNING|[M3b_arb:M3b_arb:778] failed: HTTP 403: {"error": {"code": "aii_run_budget_exhausted", "message": "AI Inventor per-run OpenRouter budget reached for Test idea: $7.12 of $7.00 spent by this run in that phase. This is AI Inventor's internal l
04:24:12|WARNING|[M3b_arb:M3b_arb:776] failed: HTTP 403: {"error": {"code": "aii_run_budget_exhausted", "message": "AI Inventor per-run OpenRouter budget reached for Test idea: $7.12 of $7.00 spent by this run in that phase. This is AI Inventor's internal l
04:24:12|WARNING|[M3b_arb:M3b_arb:773] failed: HTTP 403: {"error": {"code": "aii_run_budget_exhausted", "message": "AI Inventor per-run OpenRouter budget reached for Test idea: $7.12 of $7.00 spent by this run in that phase. This is AI Inventor's internal l
04:24:12|WARNING|[M3b_arb:M3b_arb:777] failed: HTTP 403: {"error": {"code": "aii_run_budget_exhausted", "message": "AI Inventor per-run OpenRouter budget reached for Test idea: $7.12 of $7.00 spent by this run in that phase. This is AI Inventor's internal l
04:24:12|WARNING|[M3b_arb:M3b_arb:779] failed: HTTP 403: {"error": {"code": "aii_run_budget_exhausted", "message": "AI Inventor per-run OpenRouter budget reached for Test idea: $7.12 of $7.00 spent by this run in that phase. This is AI Inventor's internal l
04:24:12|WARNING|[M3b_arb:M3b_arb:774] failed: HTTP 403: {"error": {"code": "aii_run_budget_exhausted", "message": "AI Inventor per-run OpenRouter budget reached for Test idea: $7.12 of $7.00 spent by this run in that phase. This is AI Inventor's internal l
04:24:12|WARNING|[M3b_arb:M3b_arb:780] failed: HTTP 403: {"error": {"code": "aii_run_budget_exhausted", "message": "AI Inventor per-run OpenRouter budget reached for Test idea: $7.12 of $7.00 spent by this run in that phase. This is AI Inventor's internal l
04:24:12|WARNING|[M3b_arb:M3b_arb:782] failed: HTTP 403: {"error": {"code": "aii_run_budget_exhausted", "message": "AI Inventor per-run OpenRouter budget reached for Test idea: $7.12 of $7.00 spent by this run in that phase. This is AI Inventor's internal l
04:24:12|WARNING|[M3b_arb:M3b_arb:781] failed: HTTP 403: {"error": {"code": "aii_run_budget_exhausted", "message": "AI Inventor per-run OpenRouter budget reached for Test idea: $7.12 of $7.00 spent by this run in that phase. This is AI Inventor's internal l
04:24:12|INFO   |[M3b_arb] {"phase": "M3b_arb", "n": 783, "pilot_usd_per_call": 0.0, "projected_usd": 0.0, "spent_before": 0.08834709999999998, "n_paid": 0, "n_cached": 0, "n_failed": 803, "spent_after": 0.08834709999999998, "phase_spent": 0.0} parsed 0/783
04:24:12|WARNING|[M3c_arb:M3c_arb:0] failed: HTTP 403: {"error": {"code": "aii_run_budget_exhausted", "message": "AI Inventor per-run OpenRouter budget reached for Test idea: $7.12 of $7.00 spent by this run in that phase. This is AI Inventor's internal l
04:24:12|WARNING|[M3c_arb:M3c_arb:8] failed: HTTP 403: {"error": {"code": "aii_run_budget_exhausted", "message": "AI Inventor per-run OpenRouter budget reached for Test idea: $7.12 of $7.00 spent by this run in that phase. This is AI Inventor's internal l
04:24:12|WARNING|[M3c_arb:M3c_arb:2] failed: HTTP 403: {"error": {"code": "aii_run_budget_exhausted", "message": "AI Inventor per-run OpenRouter budget reached for Test idea: $7.12 of $7.00 spent by this run in that phase. This is AI Inventor's internal l
04:24:12|WARNING|[M3c_arb:M3c_arb:15] failed: HTTP 403: {"error": {"code": "aii_run_budget_exhausted", "message": "AI Inventor per-run OpenRouter budget reached for Test idea: $7.12 of $7.00 spent by this run in that phase. This is AI Inventor's internal l
04:24:12|WARNING|[M3c_arb:M3c_arb:13] failed: HTTP 403: {"error": {"code": "aii_run_budget_exhausted", "message": "AI Inventor per-run OpenRouter budget reached for Test idea: $7.12 of $7.00 spent by this run in that phase. This is AI Inventor's internal l
04:24:12|WARNING|[M3c_arb:M3c_arb:12] failed: HTTP 403: {"error": {"code": "aii_run_budget_exhausted", "message": "AI Inventor per-run OpenRouter budget reached for Test idea: $7.12 of $7.00 spent by this run in that phase. This is AI Inventor's internal l
04:24:12|WARNING|[M3c_arb:M3c_arb:7] failed: HTTP 403: {"error": {"code": "aii_run_budget_exhausted", "message": "AI Inventor per-run OpenRouter budget reached for Test idea: $7.12 of $7.00 spent by this run in that phase. This is AI Inventor's internal l
04:24:13|WARNING|[M3c_arb:M3c_arb:5] failed: HTTP 403: {"error": {"code": "aii_run_budget_exhausted", "message": "AI Inventor per-run OpenRouter budget reached for Test idea: $7.12 of $7.00 spent by this run in that phase. This is AI Inventor's internal l
04:24:13|WARNING|[M3c_arb:M3c_arb:11] failed: HTTP 403: {"error": {"code": "aii_run_budget_exhausted", "message": "AI Inventor per-run OpenRouter budget reached for Test idea: $7.12 of $7.00 spent by this run in that phase. This is AI Inventor's internal l
04:24:13|WARNING|[M3c_arb:M3c_arb:1] failed: HTTP 403: {"error": {"code": "aii_run_budget_exhausted", "message": "AI Inventor per-run OpenRouter budget reached for Test idea: $7.12 of $7.00 spent by this run in that phase. This is AI Inventor's internal l
04:24:13|WARNING|[M3c_arb:M3c_arb:10] failed: HTTP 403: {"error": {"code": "aii_run_budget_exhausted", "message": "AI Inventor per-run OpenRouter budget reached for Test idea: $7.12 of $7.00 spent by this run in that phase. This is AI Inventor's internal l
04:24:13|WARNING|[M3c_arb:M3c_arb:6] failed: HTTP 403: {"error": {"code": "aii_run_budget_exhausted", "message": "AI Inventor per-run OpenRouter budget reached for Test idea: $7.12 of $7.00 spent by this run in that phase. This is AI Inventor's internal l
04:24:13|WARNING|[M3c_arb:M3c_arb:4] failed: HTTP 403: {"error": {"code": "aii_run_budget_exhausted", "message": "AI Inventor per-run OpenRouter budget reached for Test idea: $7.12 of $7.00 spent by this run in that phase. This is AI Inventor's internal l
04:24:13|WARNING|[M3c_arb:M3c_arb:9] failed: HTTP 403: {"error": {"code": "aii_run_budget_exhausted", "message": "AI Inventor per-run OpenRouter budget reached for Test idea: $7.12 of $7.00 spent by this run in that phase. This is AI Inventor's internal l
04:24:13|WARNING|[M3c_arb:M3c_arb:3] failed: HTTP 403: {"error": {"code": "aii_run_budget_exhausted", "message": "AI Inventor per-run OpenRouter budget reached for Test idea: $7.12 of $7.00 spent by this run in that phase. This is AI Inventor's internal l
04:24:13|WARNING|[M3c_arb:M3c_arb:14] failed: HTTP 403: {"error": {"code": "aii_run_budget_exhausted", "message": "AI Inventor per-run OpenRouter budget reached for Test idea: $7.12 of $7.00 spent by this run in that phase. This is AI Inventor's internal l
04:24:13|WARNING|[M3c_arb:M3c_arb:16] failed: HTTP 403: {"error": {"code": "aii_run_budget_exhausted", "message": "AI Inventor per-run OpenRouter budget reached for Test idea: $7.12 of $7.00 spent by this run in that phase. This is AI Inventor's internal l
04:24:13|WARNING|[M3c_arb:M3c_arb:18] failed: HTTP 403: {"error": {"code": "aii_run_budget_exhausted", "message": "AI Inventor per-run OpenRouter budget reached for Test idea: $7.12 of $7.00 spent by this run in that phase. This is AI Inventor's internal l
04:24:13|WARNING|[M3c_arb:M3c_arb:17] failed: HTTP 403: {"error": {"code": "aii_run_budget_exhausted", "message": "AI Inventor per-run OpenRouter budget reached for Test idea: $7.12 of $7.00 spent by this run in that phase. This is AI Inventor's internal l
04:24:13|WARNING|[M3c_arb:M3c_arb:19] failed: HTTP 403: {"error": {"code": "aii_run_budget_exhausted", "message": "AI Inventor per-run OpenRouter budget reached for Test idea: $7.12 of $7.00 spent by this run in that phase. This is AI Inventor's internal l
04:24:13|INFO   |[M3c_arb] pilot $/call 0.000000; 619 uncached -> projected $0.000; spent $0.088 (hard stop $2.7)
04:24:13|WARNING|[M3c_arb:M3c_arb:4] failed: HTTP 403: {"error": {"code": "aii_run_budget_exhausted", "message": "AI Inventor per-run OpenRouter budget reached for Test idea: $7.12 of $7.00 spent by this run in that phase. This is AI Inventor's internal l
04:24:13|WARNING|[M3c_arb:M3c_arb:1] failed: HTTP 403: {"error": {"code": "aii_run_budget_exhausted", "message": "AI Inventor per-run OpenRouter budget reached for Test idea: $7.12 of $7.00 spent by this run in that phase. This is AI Inventor's internal l
04:24:13|WARNING|[M3c_arb:M3c_arb:0] failed: HTTP 403: {"error": {"code": "aii_run_budget_exhausted", "message": "AI Inventor per-run OpenRouter budget reached for Test idea: $7.12 of $7.00 spent by this run in that phase. This is AI Inventor's internal l
04:24:13|WARNING|[M3c_arb:M3c_arb:10] failed: HTTP 403: {"error": {"code": "aii_run_budget_exhausted", "message": "AI Inventor per-run OpenRouter budget reached for Test idea: $7.12 of $7.00 spent by this run in that phase. This is AI Inventor's internal l
04:24:13|WARNING|[M3c_arb:M3c_arb:8] failed: HTTP 403: {"error": {"code": "aii_run_budget_exhausted", "message": "AI Inventor per-run OpenRouter budget reached for Test idea: $7.12 of $7.00 spent by this run in that phase. This is AI Inventor's internal l
04:24:13|WARNING|[M3c_arb:M3c_arb:5] failed: HTTP 403: {"error": {"code": "aii_run_budget_exhausted", "message": "AI Inventor per-run OpenRouter budget reached for Test idea: $7.12 of $7.00 spent by this run in that phase. This is AI Inventor's internal l
04:24:13|WARNING|[M3c_arb:M3c_arb:9] failed: HTTP 403: {"error": {"code": "aii_run_budget_exhausted", "message": "AI Inventor per-run OpenRouter budget reached for Test idea: $7.12 of $7.00 spent by this run in that phase. This is AI Inventor's internal l
04:24:13|WARNING|[M3c_arb:M3c_arb:2] failed: HTTP 403: {"error": {"code": "aii_run_budget_exhausted", "message": "AI Inventor per-run OpenRouter budget reached for Test idea: $7.12 of $7.00 spent by this run in that phase. This is AI Inventor's internal l
04:24:13|WARNING|[M3c_arb:M3c_arb:15] failed: HTTP 403: {"error": {"code": "aii_run_budget_exhausted", "message": "AI Inventor per-run OpenRouter budget reached for Test idea: $7.12 of $7.00 spent by this run in that phase. This is AI Inventor's internal l
04:24:13|WARNING|[M3c_arb:M3c_arb:3] failed: HTTP 403: {"error": {"code": "aii_run_budget_exhausted", "message": "AI Inventor per-run OpenRouter budget reached for Test idea: $7.12 of $7.00 spent by this run in that phase. This is AI Inventor's internal l
04:24:13|WARNING|[M3c_arb:M3c_arb:12] failed: HTTP 403: {"error": {"code": "aii_run_budget_exhausted", "message": "AI Inventor per-run OpenRouter budget reached for Test idea: $7.12 of $7.00 spent by this run in that phase. This is AI Inventor's internal l
04:24:13|WARNING|[M3c_arb:M3c_arb:7] failed: HTTP 403: {"error": {"code": "aii_run_budget_exhausted", "message": "AI Inventor per-run OpenRouter budget reached for Test idea: $7.12 of $7.00 spent by this run in that phase. This is AI Inventor's internal l
04:24:13|WARNING|[M3c_arb:M3c_arb:6] failed: HTTP 403: {"error": {"code": "aii_run_budget_exhausted", "message": "AI Inventor per-run OpenRouter budget reached for Test idea: $7.12 of $7.00 spent by this run in that phase. This is AI Inventor's internal l
04:24:13|WARNING|[M3c_arb:M3c_arb:13] failed: HTTP 403: {"error": {"code": "aii_run_budget_exhausted", "message": "AI Inventor per-run OpenRouter budget reached for Test idea: $7.12 of $7.00 spent by this run in that phase. This is AI Inventor's internal l
04:24:13|WARNING|[M3c_arb:M3c_arb:11] failed: HTTP 403: {"error": {"code": "aii_run_budget_exhausted", "message": "AI Inventor per-run OpenRouter budget reached for Test idea: $7.12 of $7.00 spent by this run in that phase. This is AI Inventor's internal l
04:24:13|WARNING|[M3c_arb:M3c_arb:14] failed: HTTP 403: {"error": {"code": "aii_run_budget_exhausted", "message": "AI Inventor per-run OpenRouter budget reached for Test idea: $7.12 of $7.00 spent by this run in that phase. This is AI Inventor's internal l
04:24:13|WARNING|[M3c_arb:M3c_arb:16] failed: HTTP 403: {"error": {"code": "aii_run_budget_exhausted", "message": "AI Inventor per-run OpenRouter budget reached for Test idea: $7.12 of $7.00 spent by this run in that phase. This is AI Inventor's internal l
04:24:13|WARNING|[M3c_arb:M3c_arb:20] failed: HTTP 403: {"error": {"code": "aii_run_budget_exhausted", "message": "AI Inventor per-run OpenRouter budget reached for Test idea: $7.12 of $7.00 spent by this run in that phase. This is AI Inventor's internal l
04:24:13|WARNING|[M3c_arb:M3c_arb:17] failed: HTTP 403: {"error": {"code": "aii_run_budget_exhausted", "message": "AI Inventor per-run OpenRouter budget reached for Test idea: $7.12 of $7.00 spent by this run in that phase. This is AI Inventor's internal l
04:24:13|WARNING|[M3c_arb:M3c_arb:18] failed: HTTP 403: {"error": {"code": "aii_run_budget_exhausted", "message": "AI Inventor per-run OpenRouter budget reached for Test idea: $7.12 of $7.00 spent by this run in that phase. This is AI Inventor's internal l
04:24:13|WARNING|[M3c_arb:M3c_arb:19] failed: HTTP 403: {"error": {"code": "aii_run_budget_exhausted", "message": "AI Inventor per-run OpenRouter budget reached for Test idea: $7.12 of $7.00 spent by this run in that phase. This is AI Inventor's internal l
04:24:13|WARNING|[M3c_arb:M3c_arb:21] failed: HTTP 403: {"error": {"code": "aii_run_budget_exhausted", "message": "AI Inventor per-run OpenRouter budget reached for Test idea: $7.12 of $7.00 spent by this run in that phase. This is AI Inventor's internal l
04:24:13|WARNING|[M3c_arb:M3c_arb:22] failed: HTTP 403: {"error": {"code": "aii_run_budget_exhausted", "message": "AI Inventor per-run OpenRouter budget reached for Test idea: $7.12 of $7.00 spent by this run in that phase. This is AI Inventor's internal l
04:24:13|WARNING|[M3c_arb:M3c_arb:23] failed: HTTP 403: {"error": {"code": "aii_run_budget_exhausted", "message": "AI Inventor per-run OpenRouter budget reached for Test idea: $7.12 of $7.00 spent by this run in that phase. This is AI Inventor's internal l
04:24:13|WARNING|[M3c_arb:M3c_arb:26] failed: HTTP 403: {"error": {"code": "aii_run_budget_exhausted", "message": "AI Inventor per-run OpenRouter budget reached for Test idea: $7.12 of $7.00 spent by this run in that phase. This is AI Inventor's internal l
04:24:13|WARNING|[M3c_arb:M3c_arb:28] failed: HTTP 403: {"error": {"code": "aii_run_budget_exhausted", "message": "AI Inventor per-run OpenRouter budget reached for Test idea: $7.12 of $7.00 spent by this run in that phase. This is AI Inventor's internal l
04:24:13|WARNING|[M3c_arb:M3c_arb:27] failed: HTTP 403: {"error": {"code": "aii_run_budget_exhausted", "message": "AI Inventor per-run OpenRouter budget reached for Test idea: $7.12 of $7.00 spent by this run in that phase. This is AI Inventor's internal l
04:24:13|WARNING|[M3c_arb:M3c_arb:25] failed: HTTP 403: {"error": {"code": "aii_run_budget_exhausted", "message": "AI Inventor per-run OpenRouter budget reached for Test idea: $7.12 of $7.00 spent by this run in that phase. This is AI Inventor's internal l
04:24:13|WARNING|[M3c_arb:M3c_arb:30] failed: HTTP 403: {"error": {"code": "aii_run_budget_exhausted", "message": "AI Inventor per-run OpenRouter budget reached for Test idea: $7.12 of $7.00 spent by this run in that phase. This is AI Inventor's internal l
04:24:13|WARNING|[M3c_arb:M3c_arb:24] failed: HTTP 403: {"error": {"code": "aii_run_budget_exhausted", "message": "AI Inventor per-run OpenRouter budget reached for Test idea: $7.12 of $7.00 spent by this run in that phase. This is AI Inventor's internal l
04:24:13|WARNING|[M3c_arb:M3c_arb:32] failed: HTTP 403: {"error": {"code": "aii_run_budget_exhausted", "message": "AI Inventor per-run OpenRouter budget reached for Test idea: $7.12 of $7.00 spent by this run in that phase. This is AI Inventor's internal l
04:24:13|WARNING|[M3c_arb:M3c_arb:29] failed: HTTP 403: {"error": {"code": "aii_run_budget_exhausted", "message": "AI Inventor per-run OpenRouter budget reached for Test idea: $7.12 of $7.00 spent by this run in that phase. This is AI Inventor's internal l
04:24:13|WARNING|[M3c_arb:M3c_arb:31] failed: HTTP 403: {"error": {"code": "aii_run_budget_exhausted", "message": "AI Inventor per-run OpenRouter budget reached for Test idea: $7.12 of $7.00 spent by this run in that phase. This is AI Inventor's internal l
04:24:13|WARNING|[M3c_arb:M3c_arb:38] failed: HTTP 403: {"error": {"code": "aii_run_budget_exhausted", "message": "AI Inventor per-run OpenRouter budget reached for Test idea: $7.12 of $7.00 spent by this run in that phase. This is AI Inventor's internal l
04:24:13|WARNING|[M3c_arb:M3c_arb:34] failed: HTTP 403: {"error": {"code": "aii_run_budget_exhausted", "message": "AI Inventor per-run OpenRouter budget reached for Test idea: $7.12 of $7.00 spent by this run in that phase. This is AI Inventor's internal l
04:24:13|WARNING|[M3c_arb:M3c_arb:33] failed: HTTP 403: {"error": {"code": "aii_run_budget_exhausted", "message": "AI Inventor per-run OpenRouter budget reached for Test idea: $7.12 of $7.00 spent by this run in that phase. This is AI Inventor's internal l
04:24:13|WARNING|[M3c_arb:M3c_arb:36] failed: HTTP 403: {"error": {"code": "aii_run_budget_exhausted", "message": "AI Inventor per-run OpenRouter budget reached for Test idea: $7.12 of $7.00 spent by this run in that phase. This is AI Inventor's internal l
04:24:13|WARNING|[M3c_arb:M3c_arb:35] failed: HTTP 403: {"error": {"code": "aii_run_budget_exhausted", "message": "AI Inventor per-run OpenRouter budget reached for Test idea: $7.12 of $7.00 spent by this run in that phase. This is AI Inventor's internal l
04:24:13|WARNING|[M3c_arb:M3c_arb:37] failed: HTTP 403: {"error": {"code": "aii_run_budget_exhausted", "message": "AI Inventor per-run OpenRouter budget reached for Test idea: $7.12 of $7.00 spent by this run in that phase. This is AI Inventor's internal l
04:24:13|WARNING|[M3c_arb:M3c_arb:39] failed: HTTP 403: {"error": {"code": "aii_run_budget_exhausted", "message": "AI Inventor per-run OpenRouter budget reached for Test idea: $7.12 of $7.00 spent by this run in that phase. This is AI Inventor's internal l
04:24:13|WARNING|[M3c_arb:M3c_arb:44] failed: HTTP 403: {"error": {"code": "aii_run_budget_exhausted", "message": "AI Inventor per-run OpenRouter budget reached for Test idea: $7.12 of $7.00 spent by this run in that phase. This is AI Inventor's internal l
04:24:13|WARNING|[M3c_arb:M3c_arb:40] failed: HTTP 403: {"error": {"code": "aii_run_budget_exhausted", "message": "AI Inventor per-run OpenRouter budget reached for Test idea: $7.12 of $7.00 spent by this run in that phase. This is AI Inventor's internal l
04:24:13|WARNING|[M3c_arb:M3c_arb:45] failed: HTTP 403: {"error": {"code": "aii_run_budget_exhausted", "message": "AI Inventor per-run OpenRouter budget reached for Test idea: $7.12 of $7.00 spent by this run in that phase. This is AI Inventor's internal l
04:24:13|WARNING|[M3c_arb:M3c_arb:43] failed: HTTP 403: {"error": {"code": "aii_run_budget_exhausted", "message": "AI Inventor per-run OpenRouter budget reached for Test idea: $7.12 of $7.00 spent by this run in that phase. This is AI Inventor's internal l
04:24:13|WARNING|[M3c_arb:M3c_arb:42] failed: HTTP 403: {"error": {"code": "aii_run_budget_exhausted", "message": "AI Inventor per-run OpenRouter budget reached for Test idea: $7.12 of $7.00 spent by this run in that phase. This is AI Inventor's internal l
04:24:13|WARNING|[M3c_arb:M3c_arb:41] failed: HTTP 403: {"error": {"code": "aii_run_budget_exhausted", "message": "AI Inventor per-run OpenRouter budget reached for Test idea: $7.12 of $7.00 spent by this run in that phase. This is AI Inventor's internal l
04:24:13|WARNING|[M3c_arb:M3c_arb:46] failed: HTTP 403: {"error": {"code": "aii_run_budget_exhausted", "message": "AI Inventor per-run OpenRouter budget reached for Test idea: $7.12 of $7.00 spent by this run in that phase. This is AI Inventor's internal l
04:24:13|WARNING|[M3c_arb:M3c_arb:48] failed: HTTP 403: {"error": {"code": "aii_run_budget_exhausted", "message": "AI Inventor per-run OpenRouter budget reached for Test idea: $7.12 of $7.00 spent by this run in that phase. This is AI Inventor's internal l
04:24:13|WARNING|[M3c_arb:M3c_arb:47] failed: HTTP 403: {"error": {"code": "aii_run_budget_exhausted", "message": "AI Inventor per-run OpenRouter budget reached for Test idea: $7.12 of $7.00 spent by this run in that phase. This is AI Inventor's internal l
04:24:13|WARNING|[M3c_arb:M3c_arb:49] failed: HTTP 403: {"error": {"code": "aii_run_budget_exhausted", "message": "AI Inventor per-run OpenRouter budget reached for Test idea: $7.12 of $7.00 spent by this run in that phase. This is AI Inventor's internal l
04:24:13|WARNING|[M3c_arb:M3c_arb:51] failed: HTTP 403: {"error": {"code": "aii_run_budget_exhausted", "message": "AI Inventor per-run OpenRouter budget reached for Test idea: $7.12 of $7.00 spent by this run in that phase. This is AI Inventor's internal l
04:24:13|WARNING|[M3c_arb:M3c_arb:54] failed: HTTP 403: {"error": {"code": "aii_run_budget_exhausted", "message": "AI Inventor per-run OpenRouter budget reached for Test idea: $7.12 of $7.00 spent by this run in that phase. This is AI Inventor's internal l
04:24:13|WARNING|[M3c_arb:M3c_arb:52] failed: HTTP 403: {"error": {"code": "aii_run_budget_exhausted", "message": "AI Inventor per-run OpenRouter budget reached for Test idea: $7.12 of $7.00 spent by this run in that phase. This is AI Inventor's internal l
04:24:13|WARNING|[M3c_arb:M3c_arb:53] failed: HTTP 403: {"error": {"code": "aii_run_budget_exhausted", "message": "AI Inventor per-run OpenRouter budget reached for Test idea: $7.12 of $7.00 spent by this run in that phase. This is AI Inventor's internal l
04:24:13|WARNING|[M3c_arb:M3c_arb:50] failed: HTTP 403: {"error": {"code": "aii_run_budget_exhausted", "message": "AI Inventor per-run OpenRouter budget reached for Test idea: $7.12 of $7.00 spent by this run in that phase. This is AI Inventor's internal l
04:24:13|WARNING|[M3c_arb:M3c_arb:55] failed: HTTP 403: {"error": {"code": "aii_run_budget_exhausted", "message": "AI Inventor per-run OpenRouter budget reached for Test idea: $7.12 of $7.00 spent by this run in that phase. This is AI Inventor's internal l
04:24:13|WARNING|[M3c_arb:M3c_arb:56] failed: HTTP 403: {"error": {"code": "aii_run_budget_exhausted", "message": "AI Inventor per-run OpenRouter budget reached for Test idea: $7.12 of $7.00 spent by this run in that phase. This is AI Inventor's internal l
04:24:13|WARNING|[M3c_arb:M3c_arb:62] failed: HTTP 403: {"error": {"code": "aii_run_budget_exhausted", "message": "AI Inventor per-run OpenRouter budget reached for Test idea: $7.12 of $7.00 spent by this run in that phase. This is AI Inventor's internal l
04:24:13|WARNING|[M3c_arb:M3c_arb:57] failed: HTTP 403: {"error": {"code": "aii_run_budget_exhausted", "message": "AI Inventor per-run OpenRouter budget reached for Test idea: $7.12 of $7.00 spent by this run in that phase. This is AI Inventor's internal l
04:24:13|WARNING|[M3c_arb:M3c_arb:61] failed: HTTP 403: {"error": {"code": "aii_run_budget_exhausted", "message": "AI Inventor per-run OpenRouter budget reached for Test idea: $7.12 of $7.00 spent by this run in that phase. This is AI Inventor's internal l
04:24:13|WARNING|[M3c_arb:M3c_arb:60] failed: HTTP 403: {"error": {"code": "aii_run_budget_exhausted", "message": "AI Inventor per-run OpenRouter budget reached for Test idea: $7.12 of $7.00 spent by this run in that phase. This is AI Inventor's internal l
04:24:13|WARNING|[M3c_arb:M3c_arb:58] failed: HTTP 403: {"error": {"code": "aii_run_budget_exhausted", "message": "AI Inventor per-run OpenRouter budget reached for Test idea: $7.12 of $7.00 spent by this run in that phase. This is AI Inventor's internal l
04:24:13|WARNING|[M3c_arb:M3c_arb:64] failed: HTTP 403: {"error": {"code": "aii_run_budget_exhausted", "message": "AI Inventor per-run OpenRouter budget reached for Test idea: $7.12 of $7.00 spent by this run in that phase. This is AI Inventor's internal l
04:24:13|WARNING|[M3c_arb:M3c_arb:63] failed: HTTP 403: {"error": {"code": "aii_run_budget_exhausted", "message": "AI Inventor per-run OpenRouter budget reached for Test idea: $7.12 of $7.00 spent by this run in that phase. This is AI Inventor's internal l
04:24:13|WARNING|[M3c_arb:M3c_arb:59] failed: HTTP 403: {"error": {"code": "aii_run_budget_exhausted", "message": "AI Inventor per-run OpenRouter budget reached for Test idea: $7.12 of $7.00 spent by this run in that phase. This is AI Inventor's internal l
04:24:13|WARNING|[M3c_arb:M3c_arb:65] failed: HTTP 403: {"error": {"code": "aii_run_budget_exhausted", "message": "AI Inventor per-run OpenRouter budget reached for Test idea: $7.12 of $7.00 spent by this run in that phase. This is AI Inventor's internal l
04:24:13|WARNING|[M3c_arb:M3c_arb:69] failed: HTTP 403: {"error": {"code": "aii_run_budget_exhausted", "message": "AI Inventor per-run OpenRouter budget reached for Test idea: $7.12 of $7.00 spent by this run in that phase. This is AI Inventor's internal l
04:24:13|WARNING|[M3c_arb:M3c_arb:66] failed: HTTP 403: {"error": {"code": "aii_run_budget_exhausted", "message": "AI Inventor per-run OpenRouter budget reached for Test idea: $7.12 of $7.00 spent by this run in that phase. This is AI Inventor's internal l
04:24:13|WARNING|[M3c_arb:M3c_arb:67] failed: HTTP 403: {"error": {"code": "aii_run_budget_exhausted", "message": "AI Inventor per-run OpenRouter budget reached for Test idea: $7.12 of $7.00 spent by this run in that phase. This is AI Inventor's internal l
04:24:13|WARNING|[M3c_arb:M3c_arb:70] failed: HTTP 403: {"error": {"code": "aii_run_budget_exhausted", "message": "AI Inventor per-run OpenRouter budget reached for Test idea: $7.12 of $7.00 spent by this run in that phase. This is AI Inventor's internal l
04:24:13|WARNING|[M3c_arb:M3c_arb:68] failed: HTTP 403: {"error": {"code": "aii_run_budget_exhausted", "message": "AI Inventor per-run OpenRouter budget reached for Test idea: $7.12 of $7.00 spent by this run in that phase. This is AI Inventor's internal l
04:24:13|WARNING|[M3c_arb:M3c_arb:72] failed: HTTP 403: {"error": {"code": "aii_run_budget_exhausted", "message": "AI Inventor per-run OpenRouter budget reached for Test idea: $7.12 of $7.00 spent by this run in that phase. This is AI Inventor's internal l
04:24:13|WARNING|[M3c_arb:M3c_arb:71] failed: HTTP 403: {"error": {"code": "aii_run_budget_exhausted", "message": "AI Inventor per-run OpenRouter budget reached for Test idea: $7.12 of $7.00 spent by this run in that phase. This is AI Inventor's internal l
04:24:13|WARNING|[M3c_arb:M3c_arb:73] failed: HTTP 403: {"error": {"code": "aii_run_budget_exhausted", "message": "AI Inventor per-run OpenRouter budget reached for Test idea: $7.12 of $7.00 spent by this run in that phase. This is AI Inventor's internal l
04:24:13|WARNING|[M3c_arb:M3c_arb:74] failed: HTTP 403: {"error": {"code": "aii_run_budget_exhausted", "message": "AI Inventor per-run OpenRouter budget reached for Test idea: $7.12 of $7.00 spent by this run in that phase. This is AI Inventor's internal l
04:24:13|WARNING|[M3c_arb:M3c_arb:76] failed: HTTP 403: {"error": {"code": "aii_run_budget_exhausted", "message": "AI Inventor per-run OpenRouter budget reached for Test idea: $7.12 of $7.00 spent by this run in that phase. This is AI Inventor's internal l
04:24:13|WARNING|[M3c_arb:M3c_arb:77] failed: HTTP 403: {"error": {"code": "aii_run_budget_exhausted", "message": "AI Inventor per-run OpenRouter budget reached for Test idea: $7.12 of $7.00 spent by this run in that phase. This is AI Inventor's internal l
04:24:13|WARNING|[M3c_arb:M3c_arb:75] failed: HTTP 403: {"error": {"code": "aii_run_budget_exhausted", "message": "AI Inventor per-run OpenRouter budget reached for Test idea: $7.12 of $7.00 spent by this run in that phase. This is AI Inventor's internal l
04:24:13|WARNING|[M3c_arb:M3c_arb:78] failed: HTTP 403: {"error": {"code": "aii_run_budget_exhausted", "message": "AI Inventor per-run OpenRouter budget reached for Test idea: $7.12 of $7.00 spent by this run in that phase. This is AI Inventor's internal l
04:24:13|WARNING|[M3c_arb:M3c_arb:79] failed: HTTP 403: {"error": {"code": "aii_run_budget_exhausted", "message": "AI Inventor per-run OpenRouter budget reached for Test idea: $7.12 of $7.00 spent by this run in that phase. This is AI Inventor's internal l
04:24:13|WARNING|[M3c_arb:M3c_arb:81] failed: HTTP 403: {"error": {"code": "aii_run_budget_exhausted", "message": "AI Inventor per-run OpenRouter budget reached for Test idea: $7.12 of $7.00 spent by this run in that phase. This is AI Inventor's internal l
04:24:13|WARNING|[M3c_arb:M3c_arb:80] failed: HTTP 403: {"error": {"code": "aii_run_budget_exhausted", "message": "AI Inventor per-run OpenRouter budget reached for Test idea: $7.12 of $7.00 spent by this run in that phase. This is AI Inventor's internal l
04:24:13|WARNING|[M3c_arb:M3c_arb:82] failed: HTTP 403: {"error": {"code": "aii_run_budget_exhausted", "message": "AI Inventor per-run OpenRouter budget reached for Test idea: $7.12 of $7.00 spent by this run in that phase. This is AI Inventor's internal l
04:24:13|WARNING|[M3c_arb:M3c_arb:85] failed: HTTP 403: {"error": {"code": "aii_run_budget_exhausted", "message": "AI Inventor per-run OpenRouter budget reached for Test idea: $7.12 of $7.00 spent by this run in that phase. This is AI Inventor's internal l
04:24:13|WARNING|[M3c_arb:M3c_arb:86] failed: HTTP 403: {"error": {"code": "aii_run_budget_exhausted", "message": "AI Inventor per-run OpenRouter budget reached for Test idea: $7.12 of $7.00 spent by this run in that phase. This is AI Inventor's internal l
04:24:13|WARNING|[M3c_arb:M3c_arb:83] failed: HTTP 403: {"error": {"code": "aii_run_budget_exhausted", "message": "AI Inventor per-run OpenRouter budget reached for Test idea: $7.12 of $7.00 spent by this run in that phase. This is AI Inventor's internal l
04:24:13|WARNING|[M3c_arb:M3c_arb:87] failed: HTTP 403: {"error": {"code": "aii_run_budget_exhausted", "message": "AI Inventor per-run OpenRouter budget reached for Test idea: $7.12 of $7.00 spent by this run in that phase. This is AI Inventor's internal l
04:24:13|WARNING|[M3c_arb:M3c_arb:88] failed: HTTP 403: {"error": {"code": "aii_run_budget_exhausted", "message": "AI Inventor per-run OpenRouter budget reached for Test idea: $7.12 of $7.00 spent by this run in that phase. This is AI Inventor's internal l
04:24:13|WARNING|[M3c_arb:M3c_arb:84] failed: HTTP 403: {"error": {"code": "aii_run_budget_exhausted", "message": "AI Inventor per-run OpenRouter budget reached for Test idea: $7.12 of $7.00 spent by this run in that phase. This is AI Inventor's internal l
04:24:13|WARNING|[M3c_arb:M3c_arb:92] failed: HTTP 403: {"error": {"code": "aii_run_budget_exhausted", "message": "AI Inventor per-run OpenRouter budget reached for Test idea: $7.12 of $7.00 spent by this run in that phase. This is AI Inventor's internal l
04:24:13|WARNING|[M3c_arb:M3c_arb:89] failed: HTTP 403: {"error": {"code": "aii_run_budget_exhausted", "message": "AI Inventor per-run OpenRouter budget reached for Test idea: $7.12 of $7.00 spent by this run in that phase. This is AI Inventor's internal l
04:24:13|WARNING|[M3c_arb:M3c_arb:91] failed: HTTP 403: {"error": {"code": "aii_run_budget_exhausted", "message": "AI Inventor per-run OpenRouter budget reached for Test idea: $7.12 of $7.00 spent by this run in that phase. This is AI Inventor's internal l
04:24:13|WARNING|[M3c_arb:M3c_arb:90] failed: HTTP 403: {"error": {"code": "aii_run_budget_exhausted", "message": "AI Inventor per-run OpenRouter budget reached for Test idea: $7.12 of $7.00 spent by this run in that phase. This is AI Inventor's internal l
04:24:13|WARNING|[M3c_arb:M3c_arb:94] failed: HTTP 403: {"error": {"code": "aii_run_budget_exhausted", "message": "AI Inventor per-run OpenRouter budget reached for Test idea: $7.12 of $7.00 spent by this run in that phase. This is AI Inventor's internal l
04:24:13|WARNING|[M3c_arb:M3c_arb:97] failed: HTTP 403: {"error": {"code": "aii_run_budget_exhausted", "message": "AI Inventor per-run OpenRouter budget reached for Test idea: $7.12 of $7.00 spent by this run in that phase. This is AI Inventor's internal l
04:24:13|WARNING|[M3c_arb:M3c_arb:96] failed: HTTP 403: {"error": {"code": "aii_run_budget_exhausted", "message": "AI Inventor per-run OpenRouter budget reached for Test idea: $7.12 of $7.00 spent by this run in that phase. This is AI Inventor's internal l
04:24:13|WARNING|[M3c_arb:M3c_arb:95] failed: HTTP 403: {"error": {"code": "aii_run_budget_exhausted", "message": "AI Inventor per-run OpenRouter budget reached for Test idea: $7.12 of $7.00 spent by this run in that phase. This is AI Inventor's internal l
04:24:13|WARNING|[M3c_arb:M3c_arb:98] failed: HTTP 403: {"error": {"code": "aii_run_budget_exhausted", "message": "AI Inventor per-run OpenRouter budget reached for Test idea: $7.12 of $7.00 spent by this run in that phase. This is AI Inventor's internal l
04:24:13|WARNING|[M3c_arb:M3c_arb:93] failed: HTTP 403: {"error": {"code": "aii_run_budget_exhausted", "message": "AI Inventor per-run OpenRouter budget reached for Test idea: $7.12 of $7.00 spent by this run in that phase. This is AI Inventor's internal l
04:24:13|WARNING|[M3c_arb:M3c_arb:99] failed: HTTP 403: {"error": {"code": "aii_run_budget_exhausted", "message": "AI Inventor per-run OpenRouter budget reached for Test idea: $7.12 of $7.00 spent by this run in that phase. This is AI Inventor's internal l
04:24:13|WARNING|[M3c_arb:M3c_arb:104] failed: HTTP 403: {"error": {"code": "aii_run_budget_exhausted", "message": "AI Inventor per-run OpenRouter budget reached for Test idea: $7.12 of $7.00 spent by this run in that phase. This is AI Inventor's internal l
04:24:13|WARNING|[M3c_arb:M3c_arb:102] failed: HTTP 403: {"error": {"code": "aii_run_budget_exhausted", "message": "AI Inventor per-run OpenRouter budget reached for Test idea: $7.12 of $7.00 spent by this run in that phase. This is AI Inventor's internal l
04:24:13|WARNING|[M3c_arb:M3c_arb:100] failed: HTTP 403: {"error": {"code": "aii_run_budget_exhausted", "message": "AI Inventor per-run OpenRouter budget reached for Test idea: $7.12 of $7.00 spent by this run in that phase. This is AI Inventor's internal l
04:24:13|WARNING|[M3c_arb:M3c_arb:101] failed: HTTP 403: {"error": {"code": "aii_run_budget_exhausted", "message": "AI Inventor per-run OpenRouter budget reached for Test idea: $7.12 of $7.00 spent by this run in that phase. This is AI Inventor's internal l
04:24:13|WARNING|[M3c_arb:M3c_arb:106] failed: HTTP 403: {"error": {"code": "aii_run_budget_exhausted", "message": "AI Inventor per-run OpenRouter budget reached for Test idea: $7.12 of $7.00 spent by this run in that phase. This is AI Inventor's internal l
04:24:13|WARNING|[M3c_arb:M3c_arb:105] failed: HTTP 403: {"error": {"code": "aii_run_budget_exhausted", "message": "AI Inventor per-run OpenRouter budget reached for Test idea: $7.12 of $7.00 spent by this run in that phase. This is AI Inventor's internal l
04:24:13|WARNING|[M3c_arb:M3c_arb:103] failed: HTTP 403: {"error": {"code": "aii_run_budget_exhausted", "message": "AI Inventor per-run OpenRouter budget reached for Test idea: $7.12 of $7.00 spent by this run in that phase. This is AI Inventor's internal l
04:24:13|WARNING|[M3c_arb:M3c_arb:110] failed: HTTP 403: {"error": {"code": "aii_run_budget_exhausted", "message": "AI Inventor per-run OpenRouter budget reached for Test idea: $7.12 of $7.00 spent by this run in that phase. This is AI Inventor's internal l
04:24:13|WARNING|[M3c_arb:M3c_arb:107] failed: HTTP 403: {"error": {"code": "aii_run_budget_exhausted", "message": "AI Inventor per-run OpenRouter budget reached for Test idea: $7.12 of $7.00 spent by this run in that phase. This is AI Inventor's internal l
04:24:13|WARNING|[M3c_arb:M3c_arb:108] failed: HTTP 403: {"error": {"code": "aii_run_budget_exhausted", "message": "AI Inventor per-run OpenRouter budget reached for Test idea: $7.12 of $7.00 spent by this run in that phase. This is AI Inventor's internal l
04:24:13|WARNING|[M3c_arb:M3c_arb:111] failed: HTTP 403: {"error": {"code": "aii_run_budget_exhausted", "message": "AI Inventor per-run OpenRouter budget reached for Test idea: $7.12 of $7.00 spent by this run in that phase. This is AI Inventor's internal l
04:24:13|WARNING|[M3c_arb:M3c_arb:109] failed: HTTP 403: {"error": {"code": "aii_run_budget_exhausted", "message": "AI Inventor per-run OpenRouter budget reached for Test idea: $7.12 of $7.00 spent by this run in that phase. This is AI Inventor's internal l
04:24:13|WARNING|[M3c_arb:M3c_arb:112] failed: HTTP 403: {"error": {"code": "aii_run_budget_exhausted", "message": "AI Inventor per-run OpenRouter budget reached for Test idea: $7.12 of $7.00 spent by this run in that phase. This is AI Inventor's internal l
04:24:13|WARNING|[M3c_arb:M3c_arb:113] failed: HTTP 403: {"error": {"code": "aii_run_budget_exhausted", "message": "AI Inventor per-run OpenRouter budget reached for Test idea: $7.12 of $7.00 spent by this run in that phase. This is AI Inventor's internal l
04:24:13|WARNING|[M3c_arb:M3c_arb:114] failed: HTTP 403: {"error": {"code": "aii_run_budget_exhausted", "message": "AI Inventor per-run OpenRouter budget reached for Test idea: $7.12 of $7.00 spent by this run in that phase. This is AI Inventor's internal l
04:24:13|WARNING|[M3c_arb:M3c_arb:115] failed: HTTP 403: {"error": {"code": "aii_run_budget_exhausted", "message": "AI Inventor per-run OpenRouter budget reached for Test idea: $7.12 of $7.00 spent by this run in that phase. This is AI Inventor's internal l
04:24:13|WARNING|[M3c_arb:M3c_arb:118] failed: HTTP 403: {"error": {"code": "aii_run_budget_exhausted", "message": "AI Inventor per-run OpenRouter budget reached for Test idea: $7.12 of $7.00 spent by this run in that phase. This is AI Inventor's internal l
04:24:13|WARNING|[M3c_arb:M3c_arb:119] failed: HTTP 403: {"error": {"code": "aii_run_budget_exhausted", "message": "AI Inventor per-run OpenRouter budget reached for Test idea: $7.12 of $7.00 spent by this run in that phase. This is AI Inventor's internal l
04:24:13|WARNING|[M3c_arb:M3c_arb:120] failed: HTTP 403: {"error": {"code": "aii_run_budget_exhausted", "message": "AI Inventor per-run OpenRouter budget reached for Test idea: $7.12 of $7.00 spent by this run in that phase. This is AI Inventor's internal l
04:24:13|WARNING|[M3c_arb:M3c_arb:116] failed: HTTP 403: {"error": {"code": "aii_run_budget_exhausted", "message": "AI Inventor per-run OpenRouter budget reached for Test idea: $7.12 of $7.00 spent by this run in that phase. This is AI Inventor's internal l
04:24:13|WARNING|[M3c_arb:M3c_arb:122] failed: HTTP 403: {"error": {"code": "aii_run_budget_exhausted", "message": "AI Inventor per-run OpenRouter budget reached for Test idea: $7.12 of $7.00 spent by this run in that phase. This is AI Inventor's internal l
04:24:13|WARNING|[M3c_arb:M3c_arb:117] failed: HTTP 403: {"error": {"code": "aii_run_budget_exhausted", "message": "AI Inventor per-run OpenRouter budget reached for Test idea: $7.12 of $7.00 spent by this run in that phase. This is AI Inventor's internal l
04:24:13|WARNING|[M3c_arb:M3c_arb:121] failed: HTTP 403: {"error": {"code": "aii_run_budget_exhausted", "message": "AI Inventor per-run OpenRouter budget reached for Test idea: $7.12 of $7.00 spent by this run in that phase. This is AI Inventor's internal l
04:24:13|WARNING|[M3c_arb:M3c_arb:123] failed: HTTP 403: {"error": {"code": "aii_run_budget_exhausted", "message": "AI Inventor per-run OpenRouter budget reached for Test idea: $7.12 of $7.00 spent by this run in that phase. This is AI Inventor's internal l
04:24:13|WARNING|[M3c_arb:M3c_arb:124] failed: HTTP 403: {"error": {"code": "aii_run_budget_exhausted", "message": "AI Inventor per-run OpenRouter budget reached for Test idea: $7.12 of $7.00 spent by this run in that phase. This is AI Inventor's internal l
04:24:13|WARNING|[M3c_arb:M3c_arb:128] failed: HTTP 403: {"error": {"code": "aii_run_budget_exhausted", "message": "AI Inventor per-run OpenRouter budget reached for Test idea: $7.12 of $7.00 spent by this run in that phase. This is AI Inventor's internal l
04:24:13|WARNING|[M3c_arb:M3c_arb:130] failed: HTTP 403: {"error": {"code": "aii_run_budget_exhausted", "message": "AI Inventor per-run OpenRouter budget reached for Test idea: $7.12 of $7.00 spent by this run in that phase. This is AI Inventor's internal l
04:24:13|WARNING|[M3c_arb:M3c_arb:127] failed: HTTP 403: {"error": {"code": "aii_run_budget_exhausted", "message": "AI Inventor per-run OpenRouter budget reached for Test idea: $7.12 of $7.00 spent by this run in that phase. This is AI Inventor's internal l
04:24:13|WARNING|[M3c_arb:M3c_arb:129] failed: HTTP 403: {"error": {"code": "aii_run_budget_exhausted", "message": "AI Inventor per-run OpenRouter budget reached for Test idea: $7.12 of $7.00 spent by this run in that phase. This is AI Inventor's internal l
04:24:13|WARNING|[M3c_arb:M3c_arb:125] failed: HTTP 403: {"error": {"code": "aii_run_budget_exhausted", "message": "AI Inventor per-run OpenRouter budget reached for Test idea: $7.12 of $7.00 spent by this run in that phase. This is AI Inventor's internal l
04:24:13|WARNING|[M3c_arb:M3c_arb:131] failed: HTTP 403: {"error": {"code": "aii_run_budget_exhausted", "message": "AI Inventor per-run OpenRouter budget reached for Test idea: $7.12 of $7.00 spent by this run in that phase. This is AI Inventor's internal l
04:24:13|WARNING|[M3c_arb:M3c_arb:126] failed: HTTP 403: {"error": {"code": "aii_run_budget_exhausted", "message": "AI Inventor per-run OpenRouter budget reached for Test idea: $7.12 of $7.00 spent by this run in that phase. This is AI Inventor's internal l
04:24:13|WARNING|[M3c_arb:M3c_arb:132] failed: HTTP 403: {"error": {"code": "aii_run_budget_exhausted", "message": "AI Inventor per-run OpenRouter budget reached for Test idea: $7.12 of $7.00 spent by this run in that phase. This is AI Inventor's internal l
04:24:13|WARNING|[M3c_arb:M3c_arb:135] failed: HTTP 403: {"error": {"code": "aii_run_budget_exhausted", "message": "AI Inventor per-run OpenRouter budget reached for Test idea: $7.12 of $7.00 spent by this run in that phase. This is AI Inventor's internal l
04:24:13|WARNING|[M3c_arb:M3c_arb:136] failed: HTTP 403: {"error": {"code": "aii_run_budget_exhausted", "message": "AI Inventor per-run OpenRouter budget reached for Test idea: $7.12 of $7.00 spent by this run in that phase. This is AI Inventor's internal l
04:24:13|WARNING|[M3c_arb:M3c_arb:133] failed: HTTP 403: {"error": {"code": "aii_run_budget_exhausted", "message": "AI Inventor per-run OpenRouter budget reached for Test idea: $7.12 of $7.00 spent by this run in that phase. This is AI Inventor's internal l
04:24:13|WARNING|[M3c_arb:M3c_arb:134] failed: HTTP 403: {"error": {"code": "aii_run_budget_exhausted", "message": "AI Inventor per-run OpenRouter budget reached for Test idea: $7.12 of $7.00 spent by this run in that phase. This is AI Inventor's internal l
04:24:13|WARNING|[M3c_arb:M3c_arb:137] failed: HTTP 403: {"error": {"code": "aii_run_budget_exhausted", "message": "AI Inventor per-run OpenRouter budget reached for Test idea: $7.12 of $7.00 spent by this run in that phase. This is AI Inventor's internal l
04:24:13|WARNING|[M3c_arb:M3c_arb:141] failed: HTTP 403: {"error": {"code": "aii_run_budget_exhausted", "message": "AI Inventor per-run OpenRouter budget reached for Test idea: $7.12 of $7.00 spent by this run in that phase. This is AI Inventor's internal l
04:24:13|WARNING|[M3c_arb:M3c_arb:139] failed: HTTP 403: {"error": {"code": "aii_run_budget_exhausted", "message": "AI Inventor per-run OpenRouter budget reached for Test idea: $7.12 of $7.00 spent by this run in that phase. This is AI Inventor's internal l
04:24:13|WARNING|[M3c_arb:M3c_arb:140] failed: HTTP 403: {"error": {"code": "aii_run_budget_exhausted", "message": "AI Inventor per-run OpenRouter budget reached for Test idea: $7.12 of $7.00 spent by this run in that phase. This is AI Inventor's internal l
04:24:13|WARNING|[M3c_arb:M3c_arb:138] failed: HTTP 403: {"error": {"code": "aii_run_budget_exhausted", "message": "AI Inventor per-run OpenRouter budget reached for Test idea: $7.12 of $7.00 spent by this run in that phase. This is AI Inventor's internal l
04:24:14|WARNING|[M3c_arb:M3c_arb:143] failed: HTTP 403: {"error": {"code": "aii_run_budget_exhausted", "message": "AI Inventor per-run OpenRouter budget reached for Test idea: $7.12 of $7.00 spent by this run in that phase. This is AI Inventor's internal l
04:24:14|WARNING|[M3c_arb:M3c_arb:142] failed: HTTP 403: {"error": {"code": "aii_run_budget_exhausted", "message": "AI Inventor per-run OpenRouter budget reached for Test idea: $7.12 of $7.00 spent by this run in that phase. This is AI Inventor's internal l
04:24:14|WARNING|[M3c_arb:M3c_arb:145] failed: HTTP 403: {"error": {"code": "aii_run_budget_exhausted", "message": "AI Inventor per-run OpenRouter budget reached for Test idea: $7.12 of $7.00 spent by this run in that phase. This is AI Inventor's internal l
04:24:14|WARNING|[M3c_arb:M3c_arb:146] failed: HTTP 403: {"error": {"code": "aii_run_budget_exhausted", "message": "AI Inventor per-run OpenRouter budget reached for Test idea: $7.12 of $7.00 spent by this run in that phase. This is AI Inventor's internal l
04:24:14|WARNING|[M3c_arb:M3c_arb:144] failed: HTTP 403: {"error": {"code": "aii_run_budget_exhausted", "message": "AI Inventor per-run OpenRouter budget reached for Test idea: $7.12 of $7.00 spent by this run in that phase. This is AI Inventor's internal l
04:24:14|WARNING|[M3c_arb:M3c_arb:147] failed: HTTP 403: {"error": {"code": "aii_run_budget_exhausted", "message": "AI Inventor per-run OpenRouter budget reached for Test idea: $7.12 of $7.00 spent by this run in that phase. This is AI Inventor's internal l
04:24:14|WARNING|[M3c_arb:M3c_arb:152] failed: HTTP 403: {"error": {"code": "aii_run_budget_exhausted", "message": "AI Inventor per-run OpenRouter budget reached for Test idea: $7.12 of $7.00 spent by this run in that phase. This is AI Inventor's internal l
04:24:14|WARNING|[M3c_arb:M3c_arb:148] failed: HTTP 403: {"error": {"code": "aii_run_budget_exhausted", "message": "AI Inventor per-run OpenRouter budget reached for Test idea: $7.12 of $7.00 spent by this run in that phase. This is AI Inventor's internal l
04:24:14|WARNING|[M3c_arb:M3c_arb:149] failed: HTTP 403: {"error": {"code": "aii_run_budget_exhausted", "message": "AI Inventor per-run OpenRouter budget reached for Test idea: $7.12 of $7.00 spent by this run in that phase. This is AI Inventor's internal l
04:24:14|WARNING|[M3c_arb:M3c_arb:151] failed: HTTP 403: {"error": {"code": "aii_run_budget_exhausted", "message": "AI Inventor per-run OpenRouter budget reached for Test idea: $7.12 of $7.00 spent by this run in that phase. This is AI Inventor's internal l
04:24:14|WARNING|[M3c_arb:M3c_arb:150] failed: HTTP 403: {"error": {"code": "aii_run_budget_exhausted", "message": "AI Inventor per-run OpenRouter budget reached for Test idea: $7.12 of $7.00 spent by this run in that phase. This is AI Inventor's internal l
04:24:14|WARNING|[M3c_arb:M3c_arb:154] failed: HTTP 403: {"error": {"code": "aii_run_budget_exhausted", "message": "AI Inventor per-run OpenRouter budget reached for Test idea: $7.12 of $7.00 spent by this run in that phase. This is AI Inventor's internal l
04:24:14|WARNING|[M3c_arb:M3c_arb:153] failed: HTTP 403: {"error": {"code": "aii_run_budget_exhausted", "message": "AI Inventor per-run OpenRouter budget reached for Test idea: $7.12 of $7.00 spent by this run in that phase. This is AI Inventor's internal l
04:24:14|WARNING|[M3c_arb:M3c_arb:155] failed: HTTP 403: {"error": {"code": "aii_run_budget_exhausted", "message": "AI Inventor per-run OpenRouter budget reached for Test idea: $7.12 of $7.00 spent by this run in that phase. This is AI Inventor's internal l
04:24:14|WARNING|[M3c_arb:M3c_arb:157] failed: HTTP 403: {"error": {"code": "aii_run_budget_exhausted", "message": "AI Inventor per-run OpenRouter budget reached for Test idea: $7.12 of $7.00 spent by this run in that phase. This is AI Inventor's internal l
04:24:14|WARNING|[M3c_arb:M3c_arb:156] failed: HTTP 403: {"error": {"code": "aii_run_budget_exhausted", "message": "AI Inventor per-run OpenRouter budget reached for Test idea: $7.12 of $7.00 spent by this run in that phase. This is AI Inventor's internal l
04:24:14|WARNING|[M3c_arb:M3c_arb:159] failed: HTTP 403: {"error": {"code": "aii_run_budget_exhausted", "message": "AI Inventor per-run OpenRouter budget reached for Test idea: $7.12 of $7.00 spent by this run in that phase. This is AI Inventor's internal l
04:24:14|WARNING|[M3c_arb:M3c_arb:158] failed: HTTP 403: {"error": {"code": "aii_run_budget_exhausted", "message": "AI Inventor per-run OpenRouter budget reached for Test idea: $7.12 of $7.00 spent by this run in that phase. This is AI Inventor's internal l
04:24:14|WARNING|[M3c_arb:M3c_arb:161] failed: HTTP 403: {"error": {"code": "aii_run_budget_exhausted", "message": "AI Inventor per-run OpenRouter budget reached for Test idea: $7.12 of $7.00 spent by this run in that phase. This is AI Inventor's internal l
04:24:14|WARNING|[M3c_arb:M3c_arb:160] failed: HTTP 403: {"error": {"code": "aii_run_budget_exhausted", "message": "AI Inventor per-run OpenRouter budget reached for Test idea: $7.12 of $7.00 spent by this run in that phase. This is AI Inventor's internal l
04:24:14|WARNING|[M3c_arb:M3c_arb:163] failed: HTTP 403: {"error": {"code": "aii_run_budget_exhausted", "message": "AI Inventor per-run OpenRouter budget reached for Test idea: $7.12 of $7.00 spent by this run in that phase. This is AI Inventor's internal l
04:24:14|WARNING|[M3c_arb:M3c_arb:162] failed: HTTP 403: {"error": {"code": "aii_run_budget_exhausted", "message": "AI Inventor per-run OpenRouter budget reached for Test idea: $7.12 of $7.00 spent by this run in that phase. This is AI Inventor's internal l
04:24:14|WARNING|[M3c_arb:M3c_arb:164] failed: HTTP 403: {"error": {"code": "aii_run_budget_exhausted", "message": "AI Inventor per-run OpenRouter budget reached for Test idea: $7.12 of $7.00 spent by this run in that phase. This is AI Inventor's internal l
04:24:14|WARNING|[M3c_arb:M3c_arb:167] failed: HTTP 403: {"error": {"code": "aii_run_budget_exhausted", "message": "AI Inventor per-run OpenRouter budget reached for Test idea: $7.12 of $7.00 spent by this run in that phase. This is AI Inventor's internal l
04:24:14|WARNING|[M3c_arb:M3c_arb:168] failed: HTTP 403: {"error": {"code": "aii_run_budget_exhausted", "message": "AI Inventor per-run OpenRouter budget reached for Test idea: $7.12 of $7.00 spent by this run in that phase. This is AI Inventor's internal l
04:24:14|WARNING|[M3c_arb:M3c_arb:169] failed: HTTP 403: {"error": {"code": "aii_run_budget_exhausted", "message": "AI Inventor per-run OpenRouter budget reached for Test idea: $7.12 of $7.00 spent by this run in that phase. This is AI Inventor's internal l
04:24:14|WARNING|[M3c_arb:M3c_arb:165] failed: HTTP 403: {"error": {"code": "aii_run_budget_exhausted", "message": "AI Inventor per-run OpenRouter budget reached for Test idea: $7.12 of $7.00 spent by this run in that phase. This is AI Inventor's internal l
04:24:14|WARNING|[M3c_arb:M3c_arb:166] failed: HTTP 403: {"error": {"code": "aii_run_budget_exhausted", "message": "AI Inventor per-run OpenRouter budget reached for Test idea: $7.12 of $7.00 spent by this run in that phase. This is AI Inventor's internal l
04:24:14|WARNING|[M3c_arb:M3c_arb:170] failed: HTTP 403: {"error": {"code": "aii_run_budget_exhausted", "message": "AI Inventor per-run OpenRouter budget reached for Test idea: $7.12 of $7.00 spent by this run in that phase. This is AI Inventor's internal l
04:24:14|WARNING|[M3c_arb:M3c_arb:171] failed: HTTP 403: {"error": {"code": "aii_run_budget_exhausted", "message": "AI Inventor per-run OpenRouter budget reached for Test idea: $7.12 of $7.00 spent by this run in that phase. This is AI Inventor's internal l
04:24:14|WARNING|[M3c_arb:M3c_arb:172] failed: HTTP 403: {"error": {"code": "aii_run_budget_exhausted", "message": "AI Inventor per-run OpenRouter budget reached for Test idea: $7.12 of $7.00 spent by this run in that phase. This is AI Inventor's internal l
04:24:14|WARNING|[M3c_arb:M3c_arb:174] failed: HTTP 403: {"error": {"code": "aii_run_budget_exhausted", "message": "AI Inventor per-run OpenRouter budget reached for Test idea: $7.12 of $7.00 spent by this run in that phase. This is AI Inventor's internal l
04:24:14|WARNING|[M3c_arb:M3c_arb:176] failed: HTTP 403: {"error": {"code": "aii_run_budget_exhausted", "message": "AI Inventor per-run OpenRouter budget reached for Test idea: $7.12 of $7.00 spent by this run in that phase. This is AI Inventor's internal l
04:24:14|WARNING|[M3c_arb:M3c_arb:173] failed: HTTP 403: {"error": {"code": "aii_run_budget_exhausted", "message": "AI Inventor per-run OpenRouter budget reached for Test idea: $7.12 of $7.00 spent by this run in that phase. This is AI Inventor's internal l
04:24:14|WARNING|[M3c_arb:M3c_arb:178] failed: HTTP 403: {"error": {"code": "aii_run_budget_exhausted", "message": "AI Inventor per-run OpenRouter budget reached for Test idea: $7.12 of $7.00 spent by this run in that phase. This is AI Inventor's internal l
04:24:14|WARNING|[M3c_arb:M3c_arb:177] failed: HTTP 403: {"error": {"code": "aii_run_budget_exhausted", "message": "AI Inventor per-run OpenRouter budget reached for Test idea: $7.12 of $7.00 spent by this run in that phase. This is AI Inventor's internal l
04:24:14|WARNING|[M3c_arb:M3c_arb:175] failed: HTTP 403: {"error": {"code": "aii_run_budget_exhausted", "message": "AI Inventor per-run OpenRouter budget reached for Test idea: $7.12 of $7.00 spent by this run in that phase. This is AI Inventor's internal l
04:24:14|WARNING|[M3c_arb:M3c_arb:179] failed: HTTP 403: {"error": {"code": "aii_run_budget_exhausted", "message": "AI Inventor per-run OpenRouter budget reached for Test idea: $7.12 of $7.00 spent by this run in that phase. This is AI Inventor's internal l
04:24:14|WARNING|[M3c_arb:M3c_arb:180] failed: HTTP 403: {"error": {"code": "aii_run_budget_exhausted", "message": "AI Inventor per-run OpenRouter budget reached for Test idea: $7.12 of $7.00 spent by this run in that phase. This is AI Inventor's internal l
04:24:14|WARNING|[M3c_arb:M3c_arb:181] failed: HTTP 403: {"error": {"code": "aii_run_budget_exhausted", "message": "AI Inventor per-run OpenRouter budget reached for Test idea: $7.12 of $7.00 spent by this run in that phase. This is AI Inventor's internal l
04:24:14|WARNING|[M3c_arb:M3c_arb:183] failed: HTTP 403: {"error": {"code": "aii_run_budget_exhausted", "message": "AI Inventor per-run OpenRouter budget reached for Test idea: $7.12 of $7.00 spent by this run in that phase. This is AI Inventor's internal l
04:24:14|WARNING|[M3c_arb:M3c_arb:182] failed: HTTP 403: {"error": {"code": "aii_run_budget_exhausted", "message": "AI Inventor per-run OpenRouter budget reached for Test idea: $7.12 of $7.00 spent by this run in that phase. This is AI Inventor's internal l
04:24:14|WARNING|[M3c_arb:M3c_arb:185] failed: HTTP 403: {"error": {"code": "aii_run_budget_exhausted", "message": "AI Inventor per-run OpenRouter budget reached for Test idea: $7.12 of $7.00 spent by this run in that phase. This is AI Inventor's internal l
04:24:14|WARNING|[M3c_arb:M3c_arb:187] failed: HTTP 403: {"error": {"code": "aii_run_budget_exhausted", "message": "AI Inventor per-run OpenRouter budget reached for Test idea: $7.12 of $7.00 spent by this run in that phase. This is AI Inventor's internal l
04:24:14|WARNING|[M3c_arb:M3c_arb:186] failed: HTTP 403: {"error": {"code": "aii_run_budget_exhausted", "message": "AI Inventor per-run OpenRouter budget reached for Test idea: $7.12 of $7.00 spent by this run in that phase. This is AI Inventor's internal l
04:24:14|WARNING|[M3c_arb:M3c_arb:184] failed: HTTP 403: {"error": {"code": "aii_run_budget_exhausted", "message": "AI Inventor per-run OpenRouter budget reached for Test idea: $7.12 of $7.00 spent by this run in that phase. This is AI Inventor's internal l
04:24:14|WARNING|[M3c_arb:M3c_arb:189] failed: HTTP 403: {"error": {"code": "aii_run_budget_exhausted", "message": "AI Inventor per-run OpenRouter budget reached for Test idea: $7.12 of $7.00 spent by this run in that phase. This is AI Inventor's internal l
04:24:14|WARNING|[M3c_arb:M3c_arb:190] failed: HTTP 403: {"error": {"code": "aii_run_budget_exhausted", "message": "AI Inventor per-run OpenRouter budget reached for Test idea: $7.12 of $7.00 spent by this run in that phase. This is AI Inventor's internal l
04:24:14|WARNING|[M3c_arb:M3c_arb:188] failed: HTTP 403: {"error": {"code": "aii_run_budget_exhausted", "message": "AI Inventor per-run OpenRouter budget reached for Test idea: $7.12 of $7.00 spent by this run in that phase. This is AI Inventor's internal l
04:24:14|WARNING|[M3c_arb:M3c_arb:193] failed: HTTP 403: {"error": {"code": "aii_run_budget_exhausted", "message": "AI Inventor per-run OpenRouter budget reached for Test idea: $7.12 of $7.00 spent by this run in that phase. This is AI Inventor's internal l
04:24:14|WARNING|[M3c_arb:M3c_arb:196] failed: HTTP 403: {"error": {"code": "aii_run_budget_exhausted", "message": "AI Inventor per-run OpenRouter budget reached for Test idea: $7.12 of $7.00 spent by this run in that phase. This is AI Inventor's internal l
04:24:14|WARNING|[M3c_arb:M3c_arb:195] failed: HTTP 403: {"error": {"code": "aii_run_budget_exhausted", "message": "AI Inventor per-run OpenRouter budget reached for Test idea: $7.12 of $7.00 spent by this run in that phase. This is AI Inventor's internal l
04:24:14|WARNING|[M3c_arb:M3c_arb:194] failed: HTTP 403: {"error": {"code": "aii_run_budget_exhausted", "message": "AI Inventor per-run OpenRouter budget reached for Test idea: $7.12 of $7.00 spent by this run in that phase. This is AI Inventor's internal l
04:24:14|WARNING|[M3c_arb:M3c_arb:191] failed: HTTP 403: {"error": {"code": "aii_run_budget_exhausted", "message": "AI Inventor per-run OpenRouter budget reached for Test idea: $7.12 of $7.00 spent by this run in that phase. This is AI Inventor's internal l
04:24:14|WARNING|[M3c_arb:M3c_arb:197] failed: HTTP 403: {"error": {"code": "aii_run_budget_exhausted", "message": "AI Inventor per-run OpenRouter budget reached for Test idea: $7.12 of $7.00 spent by this run in that phase. This is AI Inventor's internal l
04:24:14|WARNING|[M3c_arb:M3c_arb:192] failed: HTTP 403: {"error": {"code": "aii_run_budget_exhausted", "message": "AI Inventor per-run OpenRouter budget reached for Test idea: $7.12 of $7.00 spent by this run in that phase. This is AI Inventor's internal l
04:24:14|WARNING|[M3c_arb:M3c_arb:203] failed: HTTP 403: {"error": {"code": "aii_run_budget_exhausted", "message": "AI Inventor per-run OpenRouter budget reached for Test idea: $7.12 of $7.00 spent by this run in that phase. This is AI Inventor's internal l
04:24:14|WARNING|[M3c_arb:M3c_arb:199] failed: HTTP 403: {"error": {"code": "aii_run_budget_exhausted", "message": "AI Inventor per-run OpenRouter budget reached for Test idea: $7.12 of $7.00 spent by this run in that phase. This is AI Inventor's internal l
04:24:14|WARNING|[M3c_arb:M3c_arb:198] failed: HTTP 403: {"error": {"code": "aii_run_budget_exhausted", "message": "AI Inventor per-run OpenRouter budget reached for Test idea: $7.12 of $7.00 spent by this run in that phase. This is AI Inventor's internal l
04:24:14|WARNING|[M3c_arb:M3c_arb:200] failed: HTTP 403: {"error": {"code": "aii_run_budget_exhausted", "message": "AI Inventor per-run OpenRouter budget reached for Test idea: $7.12 of $7.00 spent by this run in that phase. This is AI Inventor's internal l
04:24:14|WARNING|[M3c_arb:M3c_arb:204] failed: HTTP 403: {"error": {"code": "aii_run_budget_exhausted", "message": "AI Inventor per-run OpenRouter budget reached for Test idea: $7.12 of $7.00 spent by this run in that phase. This is AI Inventor's internal l
04:24:14|WARNING|[M3c_arb:M3c_arb:202] failed: HTTP 403: {"error": {"code": "aii_run_budget_exhausted", "message": "AI Inventor per-run OpenRouter budget reached for Test idea: $7.12 of $7.00 spent by this run in that phase. This is AI Inventor's internal l
04:24:14|WARNING|[M3c_arb:M3c_arb:201] failed: HTTP 403: {"error": {"code": "aii_run_budget_exhausted", "message": "AI Inventor per-run OpenRouter budget reached for Test idea: $7.12 of $7.00 spent by this run in that phase. This is AI Inventor's internal l
04:24:14|WARNING|[M3c_arb:M3c_arb:208] failed: HTTP 403: {"error": {"code": "aii_run_budget_exhausted", "message": "AI Inventor per-run OpenRouter budget reached for Test idea: $7.12 of $7.00 spent by this run in that phase. This is AI Inventor's internal l
04:24:14|WARNING|[M3c_arb:M3c_arb:205] failed: HTTP 403: {"error": {"code": "aii_run_budget_exhausted", "message": "AI Inventor per-run OpenRouter budget reached for Test idea: $7.12 of $7.00 spent by this run in that phase. This is AI Inventor's internal l
04:24:14|WARNING|[M3c_arb:M3c_arb:209] failed: HTTP 403: {"error": {"code": "aii_run_budget_exhausted", "message": "AI Inventor per-run OpenRouter budget reached for Test idea: $7.12 of $7.00 spent by this run in that phase. This is AI Inventor's internal l
04:24:14|WARNING|[M3c_arb:M3c_arb:210] failed: HTTP 403: {"error": {"code": "aii_run_budget_exhausted", "message": "AI Inventor per-run OpenRouter budget reached for Test idea: $7.12 of $7.00 spent by this run in that phase. This is AI Inventor's internal l
04:24:14|WARNING|[M3c_arb:M3c_arb:206] failed: HTTP 403: {"error": {"code": "aii_run_budget_exhausted", "message": "AI Inventor per-run OpenRouter budget reached for Test idea: $7.12 of $7.00 spent by this run in that phase. This is AI Inventor's internal l
04:24:14|WARNING|[M3c_arb:M3c_arb:207] failed: HTTP 403: {"error": {"code": "aii_run_budget_exhausted", "message": "AI Inventor per-run OpenRouter budget reached for Test idea: $7.12 of $7.00 spent by this run in that phase. This is AI Inventor's internal l
04:24:14|WARNING|[M3c_arb:M3c_arb:211] failed: HTTP 403: {"error": {"code": "aii_run_budget_exhausted", "message": "AI Inventor per-run OpenRouter budget reached for Test idea: $7.12 of $7.00 spent by this run in that phase. This is AI Inventor's internal l
04:24:14|WARNING|[M3c_arb:M3c_arb:213] failed: HTTP 403: {"error": {"code": "aii_run_budget_exhausted", "message": "AI Inventor per-run OpenRouter budget reached for Test idea: $7.12 of $7.00 spent by this run in that phase. This is AI Inventor's internal l
04:24:14|WARNING|[M3c_arb:M3c_arb:212] failed: HTTP 403: {"error": {"code": "aii_run_budget_exhausted", "message": "AI Inventor per-run OpenRouter budget reached for Test idea: $7.12 of $7.00 spent by this run in that phase. This is AI Inventor's internal l
04:24:14|WARNING|[M3c_arb:M3c_arb:214] failed: HTTP 403: {"error": {"code": "aii_run_budget_exhausted", "message": "AI Inventor per-run OpenRouter budget reached for Test idea: $7.12 of $7.00 spent by this run in that phase. This is AI Inventor's internal l
04:24:14|WARNING|[M3c_arb:M3c_arb:216] failed: HTTP 403: {"error": {"code": "aii_run_budget_exhausted", "message": "AI Inventor per-run OpenRouter budget reached for Test idea: $7.12 of $7.00 spent by this run in that phase. This is AI Inventor's internal l
04:24:14|WARNING|[M3c_arb:M3c_arb:215] failed: HTTP 403: {"error": {"code": "aii_run_budget_exhausted", "message": "AI Inventor per-run OpenRouter budget reached for Test idea: $7.12 of $7.00 spent by this run in that phase. This is AI Inventor's internal l
04:24:14|WARNING|[M3c_arb:M3c_arb:217] failed: HTTP 403: {"error": {"code": "aii_run_budget_exhausted", "message": "AI Inventor per-run OpenRouter budget reached for Test idea: $7.12 of $7.00 spent by this run in that phase. This is AI Inventor's internal l
04:24:14|WARNING|[M3c_arb:M3c_arb:220] failed: HTTP 403: {"error": {"code": "aii_run_budget_exhausted", "message": "AI Inventor per-run OpenRouter budget reached for Test idea: $7.12 of $7.00 spent by this run in that phase. This is AI Inventor's internal l
04:24:14|WARNING|[M3c_arb:M3c_arb:219] failed: HTTP 403: {"error": {"code": "aii_run_budget_exhausted", "message": "AI Inventor per-run OpenRouter budget reached for Test idea: $7.12 of $7.00 spent by this run in that phase. This is AI Inventor's internal l
04:24:14|WARNING|[M3c_arb:M3c_arb:218] failed: HTTP 403: {"error": {"code": "aii_run_budget_exhausted", "message": "AI Inventor per-run OpenRouter budget reached for Test idea: $7.12 of $7.00 spent by this run in that phase. This is AI Inventor's internal l
04:24:14|WARNING|[M3c_arb:M3c_arb:225] failed: HTTP 403: {"error": {"code": "aii_run_budget_exhausted", "message": "AI Inventor per-run OpenRouter budget reached for Test idea: $7.12 of $7.00 spent by this run in that phase. This is AI Inventor's internal l
04:24:14|WARNING|[M3c_arb:M3c_arb:224] failed: HTTP 403: {"error": {"code": "aii_run_budget_exhausted", "message": "AI Inventor per-run OpenRouter budget reached for Test idea: $7.12 of $7.00 spent by this run in that phase. This is AI Inventor's internal l
04:24:14|WARNING|[M3c_arb:M3c_arb:227] failed: HTTP 403: {"error": {"code": "aii_run_budget_exhausted", "message": "AI Inventor per-run OpenRouter budget reached for Test idea: $7.12 of $7.00 spent by this run in that phase. This is AI Inventor's internal l
04:24:14|WARNING|[M3c_arb:M3c_arb:223] failed: HTTP 403: {"error": {"code": "aii_run_budget_exhausted", "message": "AI Inventor per-run OpenRouter budget reached for Test idea: $7.12 of $7.00 spent by this run in that phase. This is AI Inventor's internal l
04:24:14|WARNING|[M3c_arb:M3c_arb:222] failed: HTTP 403: {"error": {"code": "aii_run_budget_exhausted", "message": "AI Inventor per-run OpenRouter budget reached for Test idea: $7.12 of $7.00 spent by this run in that phase. This is AI Inventor's internal l
04:24:14|WARNING|[M3c_arb:M3c_arb:221] failed: HTTP 403: {"error": {"code": "aii_run_budget_exhausted", "message": "AI Inventor per-run OpenRouter budget reached for Test idea: $7.12 of $7.00 spent by this run in that phase. This is AI Inventor's internal l
04:24:14|WARNING|[M3c_arb:M3c_arb:230] failed: HTTP 403: {"error": {"code": "aii_run_budget_exhausted", "message": "AI Inventor per-run OpenRouter budget reached for Test idea: $7.12 of $7.00 spent by this run in that phase. This is AI Inventor's internal l
04:24:14|WARNING|[M3c_arb:M3c_arb:226] failed: HTTP 403: {"error": {"code": "aii_run_budget_exhausted", "message": "AI Inventor per-run OpenRouter budget reached for Test idea: $7.12 of $7.00 spent by this run in that phase. This is AI Inventor's internal l
04:24:14|WARNING|[M3c_arb:M3c_arb:228] failed: HTTP 403: {"error": {"code": "aii_run_budget_exhausted", "message": "AI Inventor per-run OpenRouter budget reached for Test idea: $7.12 of $7.00 spent by this run in that phase. This is AI Inventor's internal l
04:24:14|WARNING|[M3c_arb:M3c_arb:229] failed: HTTP 403: {"error": {"code": "aii_run_budget_exhausted", "message": "AI Inventor per-run OpenRouter budget reached for Test idea: $7.12 of $7.00 spent by this run in that phase. This is AI Inventor's internal l
04:24:14|WARNING|[M3c_arb:M3c_arb:233] failed: HTTP 403: {"error": {"code": "aii_run_budget_exhausted", "message": "AI Inventor per-run OpenRouter budget reached for Test idea: $7.12 of $7.00 spent by this run in that phase. This is AI Inventor's internal l
04:24:14|WARNING|[M3c_arb:M3c_arb:231] failed: HTTP 403: {"error": {"code": "aii_run_budget_exhausted", "message": "AI Inventor per-run OpenRouter budget reached for Test idea: $7.12 of $7.00 spent by this run in that phase. This is AI Inventor's internal l
04:24:14|WARNING|[M3c_arb:M3c_arb:232] failed: HTTP 403: {"error": {"code": "aii_run_budget_exhausted", "message": "AI Inventor per-run OpenRouter budget reached for Test idea: $7.12 of $7.00 spent by this run in that phase. This is AI Inventor's internal l
04:24:14|WARNING|[M3c_arb:M3c_arb:237] failed: HTTP 403: {"error": {"code": "aii_run_budget_exhausted", "message": "AI Inventor per-run OpenRouter budget reached for Test idea: $7.12 of $7.00 spent by this run in that phase. This is AI Inventor's internal l
04:24:14|WARNING|[M3c_arb:M3c_arb:235] failed: HTTP 403: {"error": {"code": "aii_run_budget_exhausted", "message": "AI Inventor per-run OpenRouter budget reached for Test idea: $7.12 of $7.00 spent by this run in that phase. This is AI Inventor's internal l
04:24:14|WARNING|[M3c_arb:M3c_arb:234] failed: HTTP 403: {"error": {"code": "aii_run_budget_exhausted", "message": "AI Inventor per-run OpenRouter budget reached for Test idea: $7.12 of $7.00 spent by this run in that phase. This is AI Inventor's internal l
04:24:14|WARNING|[M3c_arb:M3c_arb:236] failed: HTTP 403: {"error": {"code": "aii_run_budget_exhausted", "message": "AI Inventor per-run OpenRouter budget reached for Test idea: $7.12 of $7.00 spent by this run in that phase. This is AI Inventor's internal l
04:24:14|WARNING|[M3c_arb:M3c_arb:239] failed: HTTP 403: {"error": {"code": "aii_run_budget_exhausted", "message": "AI Inventor per-run OpenRouter budget reached for Test idea: $7.12 of $7.00 spent by this run in that phase. This is AI Inventor's internal l
04:24:14|WARNING|[M3c_arb:M3c_arb:241] failed: HTTP 403: {"error": {"code": "aii_run_budget_exhausted", "message": "AI Inventor per-run OpenRouter budget reached for Test idea: $7.12 of $7.00 spent by this run in that phase. This is AI Inventor's internal l
04:24:14|WARNING|[M3c_arb:M3c_arb:238] failed: HTTP 403: {"error": {"code": "aii_run_budget_exhausted", "message": "AI Inventor per-run OpenRouter budget reached for Test idea: $7.12 of $7.00 spent by this run in that phase. This is AI Inventor's internal l
04:24:14|WARNING|[M3c_arb:M3c_arb:244] failed: HTTP 403: {"error": {"code": "aii_run_budget_exhausted", "message": "AI Inventor per-run OpenRouter budget reached for Test idea: $7.12 of $7.00 spent by this run in that phase. This is AI Inventor's internal l
04:24:14|WARNING|[M3c_arb:M3c_arb:243] failed: HTTP 403: {"error": {"code": "aii_run_budget_exhausted", "message": "AI Inventor per-run OpenRouter budget reached for Test idea: $7.12 of $7.00 spent by this run in that phase. This is AI Inventor's internal l
04:24:14|WARNING|[M3c_arb:M3c_arb:242] failed: HTTP 403: {"error": {"code": "aii_run_budget_exhausted", "message": "AI Inventor per-run OpenRouter budget reached for Test idea: $7.12 of $7.00 spent by this run in that phase. This is AI Inventor's internal l
04:24:14|WARNING|[M3c_arb:M3c_arb:240] failed: HTTP 403: {"error": {"code": "aii_run_budget_exhausted", "message": "AI Inventor per-run OpenRouter budget reached for Test idea: $7.12 of $7.00 spent by this run in that phase. This is AI Inventor's internal l
04:24:14|WARNING|[M3c_arb:M3c_arb:246] failed: HTTP 403: {"error": {"code": "aii_run_budget_exhausted", "message": "AI Inventor per-run OpenRouter budget reached for Test idea: $7.12 of $7.00 spent by this run in that phase. This is AI Inventor's internal l
04:24:14|WARNING|[M3c_arb:M3c_arb:245] failed: HTTP 403: {"error": {"code": "aii_run_budget_exhausted", "message": "AI Inventor per-run OpenRouter budget reached for Test idea: $7.12 of $7.00 spent by this run in that phase. This is AI Inventor's internal l
04:24:14|WARNING|[M3c_arb:M3c_arb:248] failed: HTTP 403: {"error": {"code": "aii_run_budget_exhausted", "message": "AI Inventor per-run OpenRouter budget reached for Test idea: $7.12 of $7.00 spent by this run in that phase. This is AI Inventor's internal l
04:24:14|WARNING|[M3c_arb:M3c_arb:247] failed: HTTP 403: {"error": {"code": "aii_run_budget_exhausted", "message": "AI Inventor per-run OpenRouter budget reached for Test idea: $7.12 of $7.00 spent by this run in that phase. This is AI Inventor's internal l
04:24:14|WARNING|[M3c_arb:M3c_arb:249] failed: HTTP 403: {"error": {"code": "aii_run_budget_exhausted", "message": "AI Inventor per-run OpenRouter budget reached for Test idea: $7.12 of $7.00 spent by this run in that phase. This is AI Inventor's internal l
04:24:14|WARNING|[M3c_arb:M3c_arb:250] failed: HTTP 403: {"error": {"code": "aii_run_budget_exhausted", "message": "AI Inventor per-run OpenRouter budget reached for Test idea: $7.12 of $7.00 spent by this run in that phase. This is AI Inventor's internal l
04:24:14|WARNING|[M3c_arb:M3c_arb:251] failed: HTTP 403: {"error": {"code": "aii_run_budget_exhausted", "message": "AI Inventor per-run OpenRouter budget reached for Test idea: $7.12 of $7.00 spent by this run in that phase. This is AI Inventor's internal l
04:24:14|WARNING|[M3c_arb:M3c_arb:252] failed: HTTP 403: {"error": {"code": "aii_run_budget_exhausted", "message": "AI Inventor per-run OpenRouter budget reached for Test idea: $7.12 of $7.00 spent by this run in that phase. This is AI Inventor's internal l
04:24:14|WARNING|[M3c_arb:M3c_arb:254] failed: HTTP 403: {"error": {"code": "aii_run_budget_exhausted", "message": "AI Inventor per-run OpenRouter budget reached for Test idea: $7.12 of $7.00 spent by this run in that phase. This is AI Inventor's internal l
04:24:14|WARNING|[M3c_arb:M3c_arb:253] failed: HTTP 403: {"error": {"code": "aii_run_budget_exhausted", "message": "AI Inventor per-run OpenRouter budget reached for Test idea: $7.12 of $7.00 spent by this run in that phase. This is AI Inventor's internal l
04:24:14|WARNING|[M3c_arb:M3c_arb:255] failed: HTTP 403: {"error": {"code": "aii_run_budget_exhausted", "message": "AI Inventor per-run OpenRouter budget reached for Test idea: $7.12 of $7.00 spent by this run in that phase. This is AI Inventor's internal l
04:24:14|WARNING|[M3c_arb:M3c_arb:259] failed: HTTP 403: {"error": {"code": "aii_run_budget_exhausted", "message": "AI Inventor per-run OpenRouter budget reached for Test idea: $7.12 of $7.00 spent by this run in that phase. This is AI Inventor's internal l
04:24:14|WARNING|[M3c_arb:M3c_arb:258] failed: HTTP 403: {"error": {"code": "aii_run_budget_exhausted", "message": "AI Inventor per-run OpenRouter budget reached for Test idea: $7.12 of $7.00 spent by this run in that phase. This is AI Inventor's internal l
04:24:14|WARNING|[M3c_arb:M3c_arb:257] failed: HTTP 403: {"error": {"code": "aii_run_budget_exhausted", "message": "AI Inventor per-run OpenRouter budget reached for Test idea: $7.12 of $7.00 spent by this run in that phase. This is AI Inventor's internal l
04:24:14|WARNING|[M3c_arb:M3c_arb:261] failed: HTTP 403: {"error": {"code": "aii_run_budget_exhausted", "message": "AI Inventor per-run OpenRouter budget reached for Test idea: $7.12 of $7.00 spent by this run in that phase. This is AI Inventor's internal l
04:24:14|WARNING|[M3c_arb:M3c_arb:256] failed: HTTP 403: {"error": {"code": "aii_run_budget_exhausted", "message": "AI Inventor per-run OpenRouter budget reached for Test idea: $7.12 of $7.00 spent by this run in that phase. This is AI Inventor's internal l
04:24:14|WARNING|[M3c_arb:M3c_arb:260] failed: HTTP 403: {"error": {"code": "aii_run_budget_exhausted", "message": "AI Inventor per-run OpenRouter budget reached for Test idea: $7.12 of $7.00 spent by this run in that phase. This is AI Inventor's internal l
04:24:14|WARNING|[M3c_arb:M3c_arb:262] failed: HTTP 403: {"error": {"code": "aii_run_budget_exhausted", "message": "AI Inventor per-run OpenRouter budget reached for Test idea: $7.12 of $7.00 spent by this run in that phase. This is AI Inventor's internal l
04:24:14|WARNING|[M3c_arb:M3c_arb:263] failed: HTTP 403: {"error": {"code": "aii_run_budget_exhausted", "message": "AI Inventor per-run OpenRouter budget reached for Test idea: $7.12 of $7.00 spent by this run in that phase. This is AI Inventor's internal l
04:24:14|WARNING|[M3c_arb:M3c_arb:264] failed: HTTP 403: {"error": {"code": "aii_run_budget_exhausted", "message": "AI Inventor per-run OpenRouter budget reached for Test idea: $7.12 of $7.00 spent by this run in that phase. This is AI Inventor's internal l
04:24:14|WARNING|[M3c_arb:M3c_arb:266] failed: HTTP 403: {"error": {"code": "aii_run_budget_exhausted", "message": "AI Inventor per-run OpenRouter budget reached for Test idea: $7.12 of $7.00 spent by this run in that phase. This is AI Inventor's internal l
04:24:14|WARNING|[M3c_arb:M3c_arb:265] failed: HTTP 403: {"error": {"code": "aii_run_budget_exhausted", "message": "AI Inventor per-run OpenRouter budget reached for Test idea: $7.12 of $7.00 spent by this run in that phase. This is AI Inventor's internal l
04:24:14|WARNING|[M3c_arb:M3c_arb:270] failed: HTTP 403: {"error": {"code": "aii_run_budget_exhausted", "message": "AI Inventor per-run OpenRouter budget reached for Test idea: $7.12 of $7.00 spent by this run in that phase. This is AI Inventor's internal l
04:24:14|WARNING|[M3c_arb:M3c_arb:269] failed: HTTP 403: {"error": {"code": "aii_run_budget_exhausted", "message": "AI Inventor per-run OpenRouter budget reached for Test idea: $7.12 of $7.00 spent by this run in that phase. This is AI Inventor's internal l
04:24:14|WARNING|[M3c_arb:M3c_arb:267] failed: HTTP 403: {"error": {"code": "aii_run_budget_exhausted", "message": "AI Inventor per-run OpenRouter budget reached for Test idea: $7.12 of $7.00 spent by this run in that phase. This is AI Inventor's internal l
04:24:14|WARNING|[M3c_arb:M3c_arb:268] failed: HTTP 403: {"error": {"code": "aii_run_budget_exhausted", "message": "AI Inventor per-run OpenRouter budget reached for Test idea: $7.12 of $7.00 spent by this run in that phase. This is AI Inventor's internal l
04:24:14|WARNING|[M3c_arb:M3c_arb:271] failed: HTTP 403: {"error": {"code": "aii_run_budget_exhausted", "message": "AI Inventor per-run OpenRouter budget reached for Test idea: $7.12 of $7.00 spent by this run in that phase. This is AI Inventor's internal l
04:24:14|WARNING|[M3c_arb:M3c_arb:274] failed: HTTP 403: {"error": {"code": "aii_run_budget_exhausted", "message": "AI Inventor per-run OpenRouter budget reached for Test idea: $7.12 of $7.00 spent by this run in that phase. This is AI Inventor's internal l
04:24:14|WARNING|[M3c_arb:M3c_arb:273] failed: HTTP 403: {"error": {"code": "aii_run_budget_exhausted", "message": "AI Inventor per-run OpenRouter budget reached for Test idea: $7.12 of $7.00 spent by this run in that phase. This is AI Inventor's internal l
04:24:14|WARNING|[M3c_arb:M3c_arb:272] failed: HTTP 403: {"error": {"code": "aii_run_budget_exhausted", "message": "AI Inventor per-run OpenRouter budget reached for Test idea: $7.12 of $7.00 spent by this run in that phase. This is AI Inventor's internal l
04:24:14|WARNING|[M3c_arb:M3c_arb:278] failed: HTTP 403: {"error": {"code": "aii_run_budget_exhausted", "message": "AI Inventor per-run OpenRouter budget reached for Test idea: $7.12 of $7.00 spent by this run in that phase. This is AI Inventor's internal l
04:24:14|WARNING|[M3c_arb:M3c_arb:277] failed: HTTP 403: {"error": {"code": "aii_run_budget_exhausted", "message": "AI Inventor per-run OpenRouter budget reached for Test idea: $7.12 of $7.00 spent by this run in that phase. This is AI Inventor's internal l
04:24:14|WARNING|[M3c_arb:M3c_arb:275] failed: HTTP 403: {"error": {"code": "aii_run_budget_exhausted", "message": "AI Inventor per-run OpenRouter budget reached for Test idea: $7.12 of $7.00 spent by this run in that phase. This is AI Inventor's internal l
04:24:14|WARNING|[M3c_arb:M3c_arb:276] failed: HTTP 403: {"error": {"code": "aii_run_budget_exhausted", "message": "AI Inventor per-run OpenRouter budget reached for Test idea: $7.12 of $7.00 spent by this run in that phase. This is AI Inventor's internal l
04:24:14|WARNING|[M3c_arb:M3c_arb:280] failed: HTTP 403: {"error": {"code": "aii_run_budget_exhausted", "message": "AI Inventor per-run OpenRouter budget reached for Test idea: $7.12 of $7.00 spent by this run in that phase. This is AI Inventor's internal l
04:24:14|WARNING|[M3c_arb:M3c_arb:279] failed: HTTP 403: {"error": {"code": "aii_run_budget_exhausted", "message": "AI Inventor per-run OpenRouter budget reached for Test idea: $7.12 of $7.00 spent by this run in that phase. This is AI Inventor's internal l
04:24:14|WARNING|[M3c_arb:M3c_arb:281] failed: HTTP 403: {"error": {"code": "aii_run_budget_exhausted", "message": "AI Inventor per-run OpenRouter budget reached for Test idea: $7.12 of $7.00 spent by this run in that phase. This is AI Inventor's internal l
04:24:14|WARNING|[M3c_arb:M3c_arb:282] failed: HTTP 403: {"error": {"code": "aii_run_budget_exhausted", "message": "AI Inventor per-run OpenRouter budget reached for Test idea: $7.12 of $7.00 spent by this run in that phase. This is AI Inventor's internal l
04:24:14|WARNING|[M3c_arb:M3c_arb:284] failed: HTTP 403: {"error": {"code": "aii_run_budget_exhausted", "message": "AI Inventor per-run OpenRouter budget reached for Test idea: $7.12 of $7.00 spent by this run in that phase. This is AI Inventor's internal l
04:24:14|WARNING|[M3c_arb:M3c_arb:285] failed: HTTP 403: {"error": {"code": "aii_run_budget_exhausted", "message": "AI Inventor per-run OpenRouter budget reached for Test idea: $7.12 of $7.00 spent by this run in that phase. This is AI Inventor's internal l
04:24:14|WARNING|[M3c_arb:M3c_arb:283] failed: HTTP 403: {"error": {"code": "aii_run_budget_exhausted", "message": "AI Inventor per-run OpenRouter budget reached for Test idea: $7.12 of $7.00 spent by this run in that phase. This is AI Inventor's internal l
04:24:14|WARNING|[M3c_arb:M3c_arb:287] failed: HTTP 403: {"error": {"code": "aii_run_budget_exhausted", "message": "AI Inventor per-run OpenRouter budget reached for Test idea: $7.12 of $7.00 spent by this run in that phase. This is AI Inventor's internal l
04:24:14|WARNING|[M3c_arb:M3c_arb:286] failed: HTTP 403: {"error": {"code": "aii_run_budget_exhausted", "message": "AI Inventor per-run OpenRouter budget reached for Test idea: $7.12 of $7.00 spent by this run in that phase. This is AI Inventor's internal l
04:24:14|WARNING|[M3c_arb:M3c_arb:288] failed: HTTP 403: {"error": {"code": "aii_run_budget_exhausted", "message": "AI Inventor per-run OpenRouter budget reached for Test idea: $7.12 of $7.00 spent by this run in that phase. This is AI Inventor's internal l
04:24:14|WARNING|[M3c_arb:M3c_arb:289] failed: HTTP 403: {"error": {"code": "aii_run_budget_exhausted", "message": "AI Inventor per-run OpenRouter budget reached for Test idea: $7.12 of $7.00 spent by this run in that phase. This is AI Inventor's internal l
04:24:14|WARNING|[M3c_arb:M3c_arb:291] failed: HTTP 403: {"error": {"code": "aii_run_budget_exhausted", "message": "AI Inventor per-run OpenRouter budget reached for Test idea: $7.12 of $7.00 spent by this run in that phase. This is AI Inventor's internal l
04:24:14|WARNING|[M3c_arb:M3c_arb:292] failed: HTTP 403: {"error": {"code": "aii_run_budget_exhausted", "message": "AI Inventor per-run OpenRouter budget reached for Test idea: $7.12 of $7.00 spent by this run in that phase. This is AI Inventor's internal l
04:24:14|WARNING|[M3c_arb:M3c_arb:293] failed: HTTP 403: {"error": {"code": "aii_run_budget_exhausted", "message": "AI Inventor per-run OpenRouter budget reached for Test idea: $7.12 of $7.00 spent by this run in that phase. This is AI Inventor's internal l
04:24:14|WARNING|[M3c_arb:M3c_arb:296] failed: HTTP 403: {"error": {"code": "aii_run_budget_exhausted", "message": "AI Inventor per-run OpenRouter budget reached for Test idea: $7.12 of $7.00 spent by this run in that phase. This is AI Inventor's internal l
04:24:14|WARNING|[M3c_arb:M3c_arb:290] failed: HTTP 403: {"error": {"code": "aii_run_budget_exhausted", "message": "AI Inventor per-run OpenRouter budget reached for Test idea: $7.12 of $7.00 spent by this run in that phase. This is AI Inventor's internal l
04:24:14|WARNING|[M3c_arb:M3c_arb:294] failed: HTTP 403: {"error": {"code": "aii_run_budget_exhausted", "message": "AI Inventor per-run OpenRouter budget reached for Test idea: $7.12 of $7.00 spent by this run in that phase. This is AI Inventor's internal l
04:24:14|WARNING|[M3c_arb:M3c_arb:297] failed: HTTP 403: {"error": {"code": "aii_run_budget_exhausted", "message": "AI Inventor per-run OpenRouter budget reached for Test idea: $7.12 of $7.00 spent by this run in that phase. This is AI Inventor's internal l
04:24:14|WARNING|[M3c_arb:M3c_arb:295] failed: HTTP 403: {"error": {"code": "aii_run_budget_exhausted", "message": "AI Inventor per-run OpenRouter budget reached for Test idea: $7.12 of $7.00 spent by this run in that phase. This is AI Inventor's internal l
04:24:14|WARNING|[M3c_arb:M3c_arb:299] failed: HTTP 403: {"error": {"code": "aii_run_budget_exhausted", "message": "AI Inventor per-run OpenRouter budget reached for Test idea: $7.12 of $7.00 spent by this run in that phase. This is AI Inventor's internal l
04:24:14|WARNING|[M3c_arb:M3c_arb:300] failed: HTTP 403: {"error": {"code": "aii_run_budget_exhausted", "message": "AI Inventor per-run OpenRouter budget reached for Test idea: $7.12 of $7.00 spent by this run in that phase. This is AI Inventor's internal l
04:24:14|WARNING|[M3c_arb:M3c_arb:301] failed: HTTP 403: {"error": {"code": "aii_run_budget_exhausted", "message": "AI Inventor per-run OpenRouter budget reached for Test idea: $7.12 of $7.00 spent by this run in that phase. This is AI Inventor's internal l
04:24:14|WARNING|[M3c_arb:M3c_arb:302] failed: HTTP 403: {"error": {"code": "aii_run_budget_exhausted", "message": "AI Inventor per-run OpenRouter budget reached for Test idea: $7.12 of $7.00 spent by this run in that phase. This is AI Inventor's internal l
04:24:14|WARNING|[M3c_arb:M3c_arb:304] failed: HTTP 403: {"error": {"code": "aii_run_budget_exhausted", "message": "AI Inventor per-run OpenRouter budget reached for Test idea: $7.12 of $7.00 spent by this run in that phase. This is AI Inventor's internal l
04:24:14|WARNING|[M3c_arb:M3c_arb:303] failed: HTTP 403: {"error": {"code": "aii_run_budget_exhausted", "message": "AI Inventor per-run OpenRouter budget reached for Test idea: $7.12 of $7.00 spent by this run in that phase. This is AI Inventor's internal l
04:24:14|WARNING|[M3c_arb:M3c_arb:298] failed: HTTP 403: {"error": {"code": "aii_run_budget_exhausted", "message": "AI Inventor per-run OpenRouter budget reached for Test idea: $7.12 of $7.00 spent by this run in that phase. This is AI Inventor's internal l
04:24:14|WARNING|[M3c_arb:M3c_arb:306] failed: HTTP 403: {"error": {"code": "aii_run_budget_exhausted", "message": "AI Inventor per-run OpenRouter budget reached for Test idea: $7.12 of $7.00 spent by this run in that phase. This is AI Inventor's internal l
04:24:14|WARNING|[M3c_arb:M3c_arb:305] failed: HTTP 403: {"error": {"code": "aii_run_budget_exhausted", "message": "AI Inventor per-run OpenRouter budget reached for Test idea: $7.12 of $7.00 spent by this run in that phase. This is AI Inventor's internal l
04:24:14|WARNING|[M3c_arb:M3c_arb:309] failed: HTTP 403: {"error": {"code": "aii_run_budget_exhausted", "message": "AI Inventor per-run OpenRouter budget reached for Test idea: $7.12 of $7.00 spent by this run in that phase. This is AI Inventor's internal l
04:24:15|WARNING|[M3c_arb:M3c_arb:313] failed: HTTP 403: {"error": {"code": "aii_run_budget_exhausted", "message": "AI Inventor per-run OpenRouter budget reached for Test idea: $7.12 of $7.00 spent by this run in that phase. This is AI Inventor's internal l
04:24:15|WARNING|[M3c_arb:M3c_arb:310] failed: HTTP 403: {"error": {"code": "aii_run_budget_exhausted", "message": "AI Inventor per-run OpenRouter budget reached for Test idea: $7.12 of $7.00 spent by this run in that phase. This is AI Inventor's internal l
04:24:15|WARNING|[M3c_arb:M3c_arb:311] failed: HTTP 403: {"error": {"code": "aii_run_budget_exhausted", "message": "AI Inventor per-run OpenRouter budget reached for Test idea: $7.12 of $7.00 spent by this run in that phase. This is AI Inventor's internal l
04:24:15|WARNING|[M3c_arb:M3c_arb:307] failed: HTTP 403: {"error": {"code": "aii_run_budget_exhausted", "message": "AI Inventor per-run OpenRouter budget reached for Test idea: $7.12 of $7.00 spent by this run in that phase. This is AI Inventor's internal l
04:24:15|WARNING|[M3c_arb:M3c_arb:312] failed: HTTP 403: {"error": {"code": "aii_run_budget_exhausted", "message": "AI Inventor per-run OpenRouter budget reached for Test idea: $7.12 of $7.00 spent by this run in that phase. This is AI Inventor's internal l
04:24:15|WARNING|[M3c_arb:M3c_arb:308] failed: HTTP 403: {"error": {"code": "aii_run_budget_exhausted", "message": "AI Inventor per-run OpenRouter budget reached for Test idea: $7.12 of $7.00 spent by this run in that phase. This is AI Inventor's internal l
04:24:15|WARNING|[M3c_arb:M3c_arb:314] failed: HTTP 403: {"error": {"code": "aii_run_budget_exhausted", "message": "AI Inventor per-run OpenRouter budget reached for Test idea: $7.12 of $7.00 spent by this run in that phase. This is AI Inventor's internal l
04:24:15|WARNING|[M3c_arb:M3c_arb:315] failed: HTTP 403: {"error": {"code": "aii_run_budget_exhausted", "message": "AI Inventor per-run OpenRouter budget reached for Test idea: $7.12 of $7.00 spent by this run in that phase. This is AI Inventor's internal l
04:24:15|WARNING|[M3c_arb:M3c_arb:317] failed: HTTP 403: {"error": {"code": "aii_run_budget_exhausted", "message": "AI Inventor per-run OpenRouter budget reached for Test idea: $7.12 of $7.00 spent by this run in that phase. This is AI Inventor's internal l
04:24:15|WARNING|[M3c_arb:M3c_arb:316] failed: HTTP 403: {"error": {"code": "aii_run_budget_exhausted", "message": "AI Inventor per-run OpenRouter budget reached for Test idea: $7.12 of $7.00 spent by this run in that phase. This is AI Inventor's internal l
04:24:15|WARNING|[M3c_arb:M3c_arb:318] failed: HTTP 403: {"error": {"code": "aii_run_budget_exhausted", "message": "AI Inventor per-run OpenRouter budget reached for Test idea: $7.12 of $7.00 spent by this run in that phase. This is AI Inventor's internal l
04:24:15|WARNING|[M3c_arb:M3c_arb:323] failed: HTTP 403: {"error": {"code": "aii_run_budget_exhausted", "message": "AI Inventor per-run OpenRouter budget reached for Test idea: $7.12 of $7.00 spent by this run in that phase. This is AI Inventor's internal l
04:24:15|WARNING|[M3c_arb:M3c_arb:321] failed: HTTP 403: {"error": {"code": "aii_run_budget_exhausted", "message": "AI Inventor per-run OpenRouter budget reached for Test idea: $7.12 of $7.00 spent by this run in that phase. This is AI Inventor's internal l
04:24:15|WARNING|[M3c_arb:M3c_arb:319] failed: HTTP 403: {"error": {"code": "aii_run_budget_exhausted", "message": "AI Inventor per-run OpenRouter budget reached for Test idea: $7.12 of $7.00 spent by this run in that phase. This is AI Inventor's internal l
04:24:15|WARNING|[M3c_arb:M3c_arb:320] failed: HTTP 403: {"error": {"code": "aii_run_budget_exhausted", "message": "AI Inventor per-run OpenRouter budget reached for Test idea: $7.12 of $7.00 spent by this run in that phase. This is AI Inventor's internal l
04:24:15|WARNING|[M3c_arb:M3c_arb:322] failed: HTTP 403: {"error": {"code": "aii_run_budget_exhausted", "message": "AI Inventor per-run OpenRouter budget reached for Test idea: $7.12 of $7.00 spent by this run in that phase. This is AI Inventor's internal l
04:24:15|WARNING|[M3c_arb:M3c_arb:328] failed: HTTP 403: {"error": {"code": "aii_run_budget_exhausted", "message": "AI Inventor per-run OpenRouter budget reached for Test idea: $7.12 of $7.00 spent by this run in that phase. This is AI Inventor's internal l
04:24:15|WARNING|[M3c_arb:M3c_arb:324] failed: HTTP 403: {"error": {"code": "aii_run_budget_exhausted", "message": "AI Inventor per-run OpenRouter budget reached for Test idea: $7.12 of $7.00 spent by this run in that phase. This is AI Inventor's internal l
04:24:15|WARNING|[M3c_arb:M3c_arb:325] failed: HTTP 403: {"error": {"code": "aii_run_budget_exhausted", "message": "AI Inventor per-run OpenRouter budget reached for Test idea: $7.12 of $7.00 spent by this run in that phase. This is AI Inventor's internal l
04:24:15|WARNING|[M3c_arb:M3c_arb:327] failed: HTTP 403: {"error": {"code": "aii_run_budget_exhausted", "message": "AI Inventor per-run OpenRouter budget reached for Test idea: $7.12 of $7.00 spent by this run in that phase. This is AI Inventor's internal l
04:24:15|WARNING|[M3c_arb:M3c_arb:330] failed: HTTP 403: {"error": {"code": "aii_run_budget_exhausted", "message": "AI Inventor per-run OpenRouter budget reached for Test idea: $7.12 of $7.00 spent by this run in that phase. This is AI Inventor's internal l
04:24:15|WARNING|[M3c_arb:M3c_arb:326] failed: HTTP 403: {"error": {"code": "aii_run_budget_exhausted", "message": "AI Inventor per-run OpenRouter budget reached for Test idea: $7.12 of $7.00 spent by this run in that phase. This is AI Inventor's internal l
04:24:15|WARNING|[M3c_arb:M3c_arb:329] failed: HTTP 403: {"error": {"code": "aii_run_budget_exhausted", "message": "AI Inventor per-run OpenRouter budget reached for Test idea: $7.12 of $7.00 spent by this run in that phase. This is AI Inventor's internal l
04:24:15|WARNING|[M3c_arb:M3c_arb:331] failed: HTTP 403: {"error": {"code": "aii_run_budget_exhausted", "message": "AI Inventor per-run OpenRouter budget reached for Test idea: $7.12 of $7.00 spent by this run in that phase. This is AI Inventor's internal l
04:24:15|WARNING|[M3c_arb:M3c_arb:332] failed: HTTP 403: {"error": {"code": "aii_run_budget_exhausted", "message": "AI Inventor per-run OpenRouter budget reached for Test idea: $7.12 of $7.00 spent by this run in that phase. This is AI Inventor's internal l
04:24:15|WARNING|[M3c_arb:M3c_arb:333] failed: HTTP 403: {"error": {"code": "aii_run_budget_exhausted", "message": "AI Inventor per-run OpenRouter budget reached for Test idea: $7.12 of $7.00 spent by this run in that phase. This is AI Inventor's internal l
04:24:15|WARNING|[M3c_arb:M3c_arb:334] failed: HTTP 403: {"error": {"code": "aii_run_budget_exhausted", "message": "AI Inventor per-run OpenRouter budget reached for Test idea: $7.12 of $7.00 spent by this run in that phase. This is AI Inventor's internal l
04:24:15|WARNING|[M3c_arb:M3c_arb:335] failed: HTTP 403: {"error": {"code": "aii_run_budget_exhausted", "message": "AI Inventor per-run OpenRouter budget reached for Test idea: $7.12 of $7.00 spent by this run in that phase. This is AI Inventor's internal l
04:24:15|WARNING|[M3c_arb:M3c_arb:336] failed: HTTP 403: {"error": {"code": "aii_run_budget_exhausted", "message": "AI Inventor per-run OpenRouter budget reached for Test idea: $7.12 of $7.00 spent by this run in that phase. This is AI Inventor's internal l
04:24:15|WARNING|[M3c_arb:M3c_arb:340] failed: HTTP 403: {"error": {"code": "aii_run_budget_exhausted", "message": "AI Inventor per-run OpenRouter budget reached for Test idea: $7.12 of $7.00 spent by this run in that phase. This is AI Inventor's internal l
04:24:15|WARNING|[M3c_arb:M3c_arb:343] failed: HTTP 403: {"error": {"code": "aii_run_budget_exhausted", "message": "AI Inventor per-run OpenRouter budget reached for Test idea: $7.12 of $7.00 spent by this run in that phase. This is AI Inventor's internal l
04:24:15|WARNING|[M3c_arb:M3c_arb:342] failed: HTTP 403: {"error": {"code": "aii_run_budget_exhausted", "message": "AI Inventor per-run OpenRouter budget reached for Test idea: $7.12 of $7.00 spent by this run in that phase. This is AI Inventor's internal l
04:24:15|WARNING|[M3c_arb:M3c_arb:337] failed: HTTP 403: {"error": {"code": "aii_run_budget_exhausted", "message": "AI Inventor per-run OpenRouter budget reached for Test idea: $7.12 of $7.00 spent by this run in that phase. This is AI Inventor's internal l
04:24:15|WARNING|[M3c_arb:M3c_arb:339] failed: HTTP 403: {"error": {"code": "aii_run_budget_exhausted", "message": "AI Inventor per-run OpenRouter budget reached for Test idea: $7.12 of $7.00 spent by this run in that phase. This is AI Inventor's internal l
04:24:15|WARNING|[M3c_arb:M3c_arb:338] failed: HTTP 403: {"error": {"code": "aii_run_budget_exhausted", "message": "AI Inventor per-run OpenRouter budget reached for Test idea: $7.12 of $7.00 spent by this run in that phase. This is AI Inventor's internal l
04:24:15|WARNING|[M3c_arb:M3c_arb:344] failed: HTTP 403: {"error": {"code": "aii_run_budget_exhausted", "message": "AI Inventor per-run OpenRouter budget reached for Test idea: $7.12 of $7.00 spent by this run in that phase. This is AI Inventor's internal l
04:24:15|WARNING|[M3c_arb:M3c_arb:341] failed: HTTP 403: {"error": {"code": "aii_run_budget_exhausted", "message": "AI Inventor per-run OpenRouter budget reached for Test idea: $7.12 of $7.00 spent by this run in that phase. This is AI Inventor's internal l
04:24:15|WARNING|[M3c_arb:M3c_arb:345] failed: HTTP 403: {"error": {"code": "aii_run_budget_exhausted", "message": "AI Inventor per-run OpenRouter budget reached for Test idea: $7.12 of $7.00 spent by this run in that phase. This is AI Inventor's internal l
04:24:15|WARNING|[M3c_arb:M3c_arb:348] failed: HTTP 403: {"error": {"code": "aii_run_budget_exhausted", "message": "AI Inventor per-run OpenRouter budget reached for Test idea: $7.12 of $7.00 spent by this run in that phase. This is AI Inventor's internal l
04:24:15|WARNING|[M3c_arb:M3c_arb:349] failed: HTTP 403: {"error": {"code": "aii_run_budget_exhausted", "message": "AI Inventor per-run OpenRouter budget reached for Test idea: $7.12 of $7.00 spent by this run in that phase. This is AI Inventor's internal l
04:24:15|WARNING|[M3c_arb:M3c_arb:346] failed: HTTP 403: {"error": {"code": "aii_run_budget_exhausted", "message": "AI Inventor per-run OpenRouter budget reached for Test idea: $7.12 of $7.00 spent by this run in that phase. This is AI Inventor's internal l
04:24:15|WARNING|[M3c_arb:M3c_arb:352] failed: HTTP 403: {"error": {"code": "aii_run_budget_exhausted", "message": "AI Inventor per-run OpenRouter budget reached for Test idea: $7.12 of $7.00 spent by this run in that phase. This is AI Inventor's internal l
04:24:15|WARNING|[M3c_arb:M3c_arb:350] failed: HTTP 403: {"error": {"code": "aii_run_budget_exhausted", "message": "AI Inventor per-run OpenRouter budget reached for Test idea: $7.12 of $7.00 spent by this run in that phase. This is AI Inventor's internal l
04:24:15|WARNING|[M3c_arb:M3c_arb:347] failed: HTTP 403: {"error": {"code": "aii_run_budget_exhausted", "message": "AI Inventor per-run OpenRouter budget reached for Test idea: $7.12 of $7.00 spent by this run in that phase. This is AI Inventor's internal l
04:24:15|WARNING|[M3c_arb:M3c_arb:351] failed: HTTP 403: {"error": {"code": "aii_run_budget_exhausted", "message": "AI Inventor per-run OpenRouter budget reached for Test idea: $7.12 of $7.00 spent by this run in that phase. This is AI Inventor's internal l
04:24:15|WARNING|[M3c_arb:M3c_arb:353] failed: HTTP 403: {"error": {"code": "aii_run_budget_exhausted", "message": "AI Inventor per-run OpenRouter budget reached for Test idea: $7.12 of $7.00 spent by this run in that phase. This is AI Inventor's internal l
04:24:15|WARNING|[M3c_arb:M3c_arb:355] failed: HTTP 403: {"error": {"code": "aii_run_budget_exhausted", "message": "AI Inventor per-run OpenRouter budget reached for Test idea: $7.12 of $7.00 spent by this run in that phase. This is AI Inventor's internal l
04:24:15|WARNING|[M3c_arb:M3c_arb:357] failed: HTTP 403: {"error": {"code": "aii_run_budget_exhausted", "message": "AI Inventor per-run OpenRouter budget reached for Test idea: $7.12 of $7.00 spent by this run in that phase. This is AI Inventor's internal l
04:24:15|WARNING|[M3c_arb:M3c_arb:354] failed: HTTP 403: {"error": {"code": "aii_run_budget_exhausted", "message": "AI Inventor per-run OpenRouter budget reached for Test idea: $7.12 of $7.00 spent by this run in that phase. This is AI Inventor's internal l
04:24:15|WARNING|[M3c_arb:M3c_arb:358] failed: HTTP 403: {"error": {"code": "aii_run_budget_exhausted", "message": "AI Inventor per-run OpenRouter budget reached for Test idea: $7.12 of $7.00 spent by this run in that phase. This is AI Inventor's internal l
04:24:15|WARNING|[M3c_arb:M3c_arb:359] failed: HTTP 403: {"error": {"code": "aii_run_budget_exhausted", "message": "AI Inventor per-run OpenRouter budget reached for Test idea: $7.12 of $7.00 spent by this run in that phase. This is AI Inventor's internal l
04:24:15|WARNING|[M3c_arb:M3c_arb:361] failed: HTTP 403: {"error": {"code": "aii_run_budget_exhausted", "message": "AI Inventor per-run OpenRouter budget reached for Test idea: $7.12 of $7.00 spent by this run in that phase. This is AI Inventor's internal l
04:24:15|WARNING|[M3c_arb:M3c_arb:360] failed: HTTP 403: {"error": {"code": "aii_run_budget_exhausted", "message": "AI Inventor per-run OpenRouter budget reached for Test idea: $7.12 of $7.00 spent by this run in that phase. This is AI Inventor's internal l
04:24:15|WARNING|[M3c_arb:M3c_arb:356] failed: HTTP 403: {"error": {"code": "aii_run_budget_exhausted", "message": "AI Inventor per-run OpenRouter budget reached for Test idea: $7.12 of $7.00 spent by this run in that phase. This is AI Inventor's internal l
04:24:15|WARNING|[M3c_arb:M3c_arb:362] failed: HTTP 403: {"error": {"code": "aii_run_budget_exhausted", "message": "AI Inventor per-run OpenRouter budget reached for Test idea: $7.12 of $7.00 spent by this run in that phase. This is AI Inventor's internal l
04:24:15|WARNING|[M3c_arb:M3c_arb:365] failed: HTTP 403: {"error": {"code": "aii_run_budget_exhausted", "message": "AI Inventor per-run OpenRouter budget reached for Test idea: $7.12 of $7.00 spent by this run in that phase. This is AI Inventor's internal l
04:24:15|WARNING|[M3c_arb:M3c_arb:364] failed: HTTP 403: {"error": {"code": "aii_run_budget_exhausted", "message": "AI Inventor per-run OpenRouter budget reached for Test idea: $7.12 of $7.00 spent by this run in that phase. This is AI Inventor's internal l
04:24:15|WARNING|[M3c_arb:M3c_arb:363] failed: HTTP 403: {"error": {"code": "aii_run_budget_exhausted", "message": "AI Inventor per-run OpenRouter budget reached for Test idea: $7.12 of $7.00 spent by this run in that phase. This is AI Inventor's internal l
04:24:15|WARNING|[M3c_arb:M3c_arb:368] failed: HTTP 403: {"error": {"code": "aii_run_budget_exhausted", "message": "AI Inventor per-run OpenRouter budget reached for Test idea: $7.12 of $7.00 spent by this run in that phase. This is AI Inventor's internal l
04:24:15|WARNING|[M3c_arb:M3c_arb:369] failed: HTTP 403: {"error": {"code": "aii_run_budget_exhausted", "message": "AI Inventor per-run OpenRouter budget reached for Test idea: $7.12 of $7.00 spent by this run in that phase. This is AI Inventor's internal l
04:24:15|WARNING|[M3c_arb:M3c_arb:367] failed: HTTP 403: {"error": {"code": "aii_run_budget_exhausted", "message": "AI Inventor per-run OpenRouter budget reached for Test idea: $7.12 of $7.00 spent by this run in that phase. This is AI Inventor's internal l
04:24:15|WARNING|[M3c_arb:M3c_arb:370] failed: HTTP 403: {"error": {"code": "aii_run_budget_exhausted", "message": "AI Inventor per-run OpenRouter budget reached for Test idea: $7.12 of $7.00 spent by this run in that phase. This is AI Inventor's internal l
04:24:15|WARNING|[M3c_arb:M3c_arb:366] failed: HTTP 403: {"error": {"code": "aii_run_budget_exhausted", "message": "AI Inventor per-run OpenRouter budget reached for Test idea: $7.12 of $7.00 spent by this run in that phase. This is AI Inventor's internal l
04:24:15|WARNING|[M3c_arb:M3c_arb:376] failed: HTTP 403: {"error": {"code": "aii_run_budget_exhausted", "message": "AI Inventor per-run OpenRouter budget reached for Test idea: $7.12 of $7.00 spent by this run in that phase. This is AI Inventor's internal l
04:24:15|WARNING|[M3c_arb:M3c_arb:373] failed: HTTP 403: {"error": {"code": "aii_run_budget_exhausted", "message": "AI Inventor per-run OpenRouter budget reached for Test idea: $7.12 of $7.00 spent by this run in that phase. This is AI Inventor's internal l
04:24:15|WARNING|[M3c_arb:M3c_arb:371] failed: HTTP 403: {"error": {"code": "aii_run_budget_exhausted", "message": "AI Inventor per-run OpenRouter budget reached for Test idea: $7.12 of $7.00 spent by this run in that phase. This is AI Inventor's internal l
04:24:15|WARNING|[M3c_arb:M3c_arb:377] failed: HTTP 403: {"error": {"code": "aii_run_budget_exhausted", "message": "AI Inventor per-run OpenRouter budget reached for Test idea: $7.12 of $7.00 spent by this run in that phase. This is AI Inventor's internal l
04:24:15|WARNING|[M3c_arb:M3c_arb:378] failed: HTTP 403: {"error": {"code": "aii_run_budget_exhausted", "message": "AI Inventor per-run OpenRouter budget reached for Test idea: $7.12 of $7.00 spent by this run in that phase. This is AI Inventor's internal l
04:24:15|WARNING|[M3c_arb:M3c_arb:375] failed: HTTP 403: {"error": {"code": "aii_run_budget_exhausted", "message": "AI Inventor per-run OpenRouter budget reached for Test idea: $7.12 of $7.00 spent by this run in that phase. This is AI Inventor's internal l
04:24:15|WARNING|[M3c_arb:M3c_arb:372] failed: HTTP 403: {"error": {"code": "aii_run_budget_exhausted", "message": "AI Inventor per-run OpenRouter budget reached for Test idea: $7.12 of $7.00 spent by this run in that phase. This is AI Inventor's internal l
04:24:15|WARNING|[M3c_arb:M3c_arb:374] failed: HTTP 403: {"error": {"code": "aii_run_budget_exhausted", "message": "AI Inventor per-run OpenRouter budget reached for Test idea: $7.12 of $7.00 spent by this run in that phase. This is AI Inventor's internal l
04:24:15|WARNING|[M3c_arb:M3c_arb:379] failed: HTTP 403: {"error": {"code": "aii_run_budget_exhausted", "message": "AI Inventor per-run OpenRouter budget reached for Test idea: $7.12 of $7.00 spent by this run in that phase. This is AI Inventor's internal l
04:24:15|WARNING|[M3c_arb:M3c_arb:380] failed: HTTP 403: {"error": {"code": "aii_run_budget_exhausted", "message": "AI Inventor per-run OpenRouter budget reached for Test idea: $7.12 of $7.00 spent by this run in that phase. This is AI Inventor's internal l
04:24:15|WARNING|[M3c_arb:M3c_arb:382] failed: HTTP 403: {"error": {"code": "aii_run_budget_exhausted", "message": "AI Inventor per-run OpenRouter budget reached for Test idea: $7.12 of $7.00 spent by this run in that phase. This is AI Inventor's internal l
04:24:15|WARNING|[M3c_arb:M3c_arb:381] failed: HTTP 403: {"error": {"code": "aii_run_budget_exhausted", "message": "AI Inventor per-run OpenRouter budget reached for Test idea: $7.12 of $7.00 spent by this run in that phase. This is AI Inventor's internal l
04:24:15|WARNING|[M3c_arb:M3c_arb:383] failed: HTTP 403: {"error": {"code": "aii_run_budget_exhausted", "message": "AI Inventor per-run OpenRouter budget reached for Test idea: $7.12 of $7.00 spent by this run in that phase. This is AI Inventor's internal l
04:24:15|WARNING|[M3c_arb:M3c_arb:388] failed: HTTP 403: {"error": {"code": "aii_run_budget_exhausted", "message": "AI Inventor per-run OpenRouter budget reached for Test idea: $7.12 of $7.00 spent by this run in that phase. This is AI Inventor's internal l
04:24:15|WARNING|[M3c_arb:M3c_arb:389] failed: HTTP 403: {"error": {"code": "aii_run_budget_exhausted", "message": "AI Inventor per-run OpenRouter budget reached for Test idea: $7.12 of $7.00 spent by this run in that phase. This is AI Inventor's internal l
04:24:15|WARNING|[M3c_arb:M3c_arb:385] failed: HTTP 403: {"error": {"code": "aii_run_budget_exhausted", "message": "AI Inventor per-run OpenRouter budget reached for Test idea: $7.12 of $7.00 spent by this run in that phase. This is AI Inventor's internal l
04:24:15|WARNING|[M3c_arb:M3c_arb:386] failed: HTTP 403: {"error": {"code": "aii_run_budget_exhausted", "message": "AI Inventor per-run OpenRouter budget reached for Test idea: $7.12 of $7.00 spent by this run in that phase. This is AI Inventor's internal l
04:24:15|WARNING|[M3c_arb:M3c_arb:384] failed: HTTP 403: {"error": {"code": "aii_run_budget_exhausted", "message": "AI Inventor per-run OpenRouter budget reached for Test idea: $7.12 of $7.00 spent by this run in that phase. This is AI Inventor's internal l
04:24:15|WARNING|[M3c_arb:M3c_arb:387] failed: HTTP 403: {"error": {"code": "aii_run_budget_exhausted", "message": "AI Inventor per-run OpenRouter budget reached for Test idea: $7.12 of $7.00 spent by this run in that phase. This is AI Inventor's internal l
04:24:15|WARNING|[M3c_arb:M3c_arb:391] failed: HTTP 403: {"error": {"code": "aii_run_budget_exhausted", "message": "AI Inventor per-run OpenRouter budget reached for Test idea: $7.12 of $7.00 spent by this run in that phase. This is AI Inventor's internal l
04:24:15|WARNING|[M3c_arb:M3c_arb:390] failed: HTTP 403: {"error": {"code": "aii_run_budget_exhausted", "message": "AI Inventor per-run OpenRouter budget reached for Test idea: $7.12 of $7.00 spent by this run in that phase. This is AI Inventor's internal l
04:24:15|WARNING|[M3c_arb:M3c_arb:394] failed: HTTP 403: {"error": {"code": "aii_run_budget_exhausted", "message": "AI Inventor per-run OpenRouter budget reached for Test idea: $7.12 of $7.00 spent by this run in that phase. This is AI Inventor's internal l
04:24:15|WARNING|[M3c_arb:M3c_arb:395] failed: HTTP 403: {"error": {"code": "aii_run_budget_exhausted", "message": "AI Inventor per-run OpenRouter budget reached for Test idea: $7.12 of $7.00 spent by this run in that phase. This is AI Inventor's internal l
04:24:15|WARNING|[M3c_arb:M3c_arb:396] failed: HTTP 403: {"error": {"code": "aii_run_budget_exhausted", "message": "AI Inventor per-run OpenRouter budget reached for Test idea: $7.12 of $7.00 spent by this run in that phase. This is AI Inventor's internal l
04:24:15|WARNING|[M3c_arb:M3c_arb:398] failed: HTTP 403: {"error": {"code": "aii_run_budget_exhausted", "message": "AI Inventor per-run OpenRouter budget reached for Test idea: $7.12 of $7.00 spent by this run in that phase. This is AI Inventor's internal l
04:24:15|WARNING|[M3c_arb:M3c_arb:397] failed: HTTP 403: {"error": {"code": "aii_run_budget_exhausted", "message": "AI Inventor per-run OpenRouter budget reached for Test idea: $7.12 of $7.00 spent by this run in that phase. This is AI Inventor's internal l
04:24:15|WARNING|[M3c_arb:M3c_arb:393] failed: HTTP 403: {"error": {"code": "aii_run_budget_exhausted", "message": "AI Inventor per-run OpenRouter budget reached for Test idea: $7.12 of $7.00 spent by this run in that phase. This is AI Inventor's internal l
04:24:15|WARNING|[M3c_arb:M3c_arb:392] failed: HTTP 403: {"error": {"code": "aii_run_budget_exhausted", "message": "AI Inventor per-run OpenRouter budget reached for Test idea: $7.12 of $7.00 spent by this run in that phase. This is AI Inventor's internal l
04:24:15|WARNING|[M3c_arb:M3c_arb:400] failed: HTTP 403: {"error": {"code": "aii_run_budget_exhausted", "message": "AI Inventor per-run OpenRouter budget reached for Test idea: $7.12 of $7.00 spent by this run in that phase. This is AI Inventor's internal l
04:24:15|WARNING|[M3c_arb:M3c_arb:401] failed: HTTP 403: {"error": {"code": "aii_run_budget_exhausted", "message": "AI Inventor per-run OpenRouter budget reached for Test idea: $7.12 of $7.00 spent by this run in that phase. This is AI Inventor's internal l
04:24:15|WARNING|[M3c_arb:M3c_arb:399] failed: HTTP 403: {"error": {"code": "aii_run_budget_exhausted", "message": "AI Inventor per-run OpenRouter budget reached for Test idea: $7.12 of $7.00 spent by this run in that phase. This is AI Inventor's internal l
04:24:15|WARNING|[M3c_arb:M3c_arb:404] failed: HTTP 403: {"error": {"code": "aii_run_budget_exhausted", "message": "AI Inventor per-run OpenRouter budget reached for Test idea: $7.12 of $7.00 spent by this run in that phase. This is AI Inventor's internal l
04:24:15|WARNING|[M3c_arb:M3c_arb:402] failed: HTTP 403: {"error": {"code": "aii_run_budget_exhausted", "message": "AI Inventor per-run OpenRouter budget reached for Test idea: $7.12 of $7.00 spent by this run in that phase. This is AI Inventor's internal l
04:24:15|WARNING|[M3c_arb:M3c_arb:407] failed: HTTP 403: {"error": {"code": "aii_run_budget_exhausted", "message": "AI Inventor per-run OpenRouter budget reached for Test idea: $7.12 of $7.00 spent by this run in that phase. This is AI Inventor's internal l
04:24:15|WARNING|[M3c_arb:M3c_arb:408] failed: HTTP 403: {"error": {"code": "aii_run_budget_exhausted", "message": "AI Inventor per-run OpenRouter budget reached for Test idea: $7.12 of $7.00 spent by this run in that phase. This is AI Inventor's internal l
04:24:15|WARNING|[M3c_arb:M3c_arb:405] failed: HTTP 403: {"error": {"code": "aii_run_budget_exhausted", "message": "AI Inventor per-run OpenRouter budget reached for Test idea: $7.12 of $7.00 spent by this run in that phase. This is AI Inventor's internal l
04:24:15|WARNING|[M3c_arb:M3c_arb:403] failed: HTTP 403: {"error": {"code": "aii_run_budget_exhausted", "message": "AI Inventor per-run OpenRouter budget reached for Test idea: $7.12 of $7.00 spent by this run in that phase. This is AI Inventor's internal l
04:24:15|WARNING|[M3c_arb:M3c_arb:406] failed: HTTP 403: {"error": {"code": "aii_run_budget_exhausted", "message": "AI Inventor per-run OpenRouter budget reached for Test idea: $7.12 of $7.00 spent by this run in that phase. This is AI Inventor's internal l
04:24:15|WARNING|[M3c_arb:M3c_arb:409] failed: HTTP 403: {"error": {"code": "aii_run_budget_exhausted", "message": "AI Inventor per-run OpenRouter budget reached for Test idea: $7.12 of $7.00 spent by this run in that phase. This is AI Inventor's internal l
04:24:15|WARNING|[M3c_arb:M3c_arb:410] failed: HTTP 403: {"error": {"code": "aii_run_budget_exhausted", "message": "AI Inventor per-run OpenRouter budget reached for Test idea: $7.12 of $7.00 spent by this run in that phase. This is AI Inventor's internal l
04:24:15|WARNING|[M3c_arb:M3c_arb:413] failed: HTTP 403: {"error": {"code": "aii_run_budget_exhausted", "message": "AI Inventor per-run OpenRouter budget reached for Test idea: $7.12 of $7.00 spent by this run in that phase. This is AI Inventor's internal l
04:24:15|WARNING|[M3c_arb:M3c_arb:417] failed: HTTP 403: {"error": {"code": "aii_run_budget_exhausted", "message": "AI Inventor per-run OpenRouter budget reached for Test idea: $7.12 of $7.00 spent by this run in that phase. This is AI Inventor's internal l
04:24:15|WARNING|[M3c_arb:M3c_arb:415] failed: HTTP 403: {"error": {"code": "aii_run_budget_exhausted", "message": "AI Inventor per-run OpenRouter budget reached for Test idea: $7.12 of $7.00 spent by this run in that phase. This is AI Inventor's internal l
04:24:15|WARNING|[M3c_arb:M3c_arb:414] failed: HTTP 403: {"error": {"code": "aii_run_budget_exhausted", "message": "AI Inventor per-run OpenRouter budget reached for Test idea: $7.12 of $7.00 spent by this run in that phase. This is AI Inventor's internal l
04:24:15|WARNING|[M3c_arb:M3c_arb:412] failed: HTTP 403: {"error": {"code": "aii_run_budget_exhausted", "message": "AI Inventor per-run OpenRouter budget reached for Test idea: $7.12 of $7.00 spent by this run in that phase. This is AI Inventor's internal l
04:24:15|WARNING|[M3c_arb:M3c_arb:416] failed: HTTP 403: {"error": {"code": "aii_run_budget_exhausted", "message": "AI Inventor per-run OpenRouter budget reached for Test idea: $7.12 of $7.00 spent by this run in that phase. This is AI Inventor's internal l
04:24:15|WARNING|[M3c_arb:M3c_arb:411] failed: HTTP 403: {"error": {"code": "aii_run_budget_exhausted", "message": "AI Inventor per-run OpenRouter budget reached for Test idea: $7.12 of $7.00 spent by this run in that phase. This is AI Inventor's internal l
04:24:15|WARNING|[M3c_arb:M3c_arb:418] failed: HTTP 403: {"error": {"code": "aii_run_budget_exhausted", "message": "AI Inventor per-run OpenRouter budget reached for Test idea: $7.12 of $7.00 spent by this run in that phase. This is AI Inventor's internal l
04:24:15|WARNING|[M3c_arb:M3c_arb:420] failed: HTTP 403: {"error": {"code": "aii_run_budget_exhausted", "message": "AI Inventor per-run OpenRouter budget reached for Test idea: $7.12 of $7.00 spent by this run in that phase. This is AI Inventor's internal l
04:24:15|WARNING|[M3c_arb:M3c_arb:421] failed: HTTP 403: {"error": {"code": "aii_run_budget_exhausted", "message": "AI Inventor per-run OpenRouter budget reached for Test idea: $7.12 of $7.00 spent by this run in that phase. This is AI Inventor's internal l
04:24:15|WARNING|[M3c_arb:M3c_arb:423] failed: HTTP 403: {"error": {"code": "aii_run_budget_exhausted", "message": "AI Inventor per-run OpenRouter budget reached for Test idea: $7.12 of $7.00 spent by this run in that phase. This is AI Inventor's internal l
04:24:15|WARNING|[M3c_arb:M3c_arb:422] failed: HTTP 403: {"error": {"code": "aii_run_budget_exhausted", "message": "AI Inventor per-run OpenRouter budget reached for Test idea: $7.12 of $7.00 spent by this run in that phase. This is AI Inventor's internal l
04:24:15|WARNING|[M3c_arb:M3c_arb:419] failed: HTTP 403: {"error": {"code": "aii_run_budget_exhausted", "message": "AI Inventor per-run OpenRouter budget reached for Test idea: $7.12 of $7.00 spent by this run in that phase. This is AI Inventor's internal l
04:24:15|WARNING|[M3c_arb:M3c_arb:424] failed: HTTP 403: {"error": {"code": "aii_run_budget_exhausted", "message": "AI Inventor per-run OpenRouter budget reached for Test idea: $7.12 of $7.00 spent by this run in that phase. This is AI Inventor's internal l
04:24:15|WARNING|[M3c_arb:M3c_arb:425] failed: HTTP 403: {"error": {"code": "aii_run_budget_exhausted", "message": "AI Inventor per-run OpenRouter budget reached for Test idea: $7.12 of $7.00 spent by this run in that phase. This is AI Inventor's internal l
04:24:15|WARNING|[M3c_arb:M3c_arb:426] failed: HTTP 403: {"error": {"code": "aii_run_budget_exhausted", "message": "AI Inventor per-run OpenRouter budget reached for Test idea: $7.12 of $7.00 spent by this run in that phase. This is AI Inventor's internal l
04:24:15|WARNING|[M3c_arb:M3c_arb:432] failed: HTTP 403: {"error": {"code": "aii_run_budget_exhausted", "message": "AI Inventor per-run OpenRouter budget reached for Test idea: $7.12 of $7.00 spent by this run in that phase. This is AI Inventor's internal l
04:24:15|WARNING|[M3c_arb:M3c_arb:428] failed: HTTP 403: {"error": {"code": "aii_run_budget_exhausted", "message": "AI Inventor per-run OpenRouter budget reached for Test idea: $7.12 of $7.00 spent by this run in that phase. This is AI Inventor's internal l
04:24:15|WARNING|[M3c_arb:M3c_arb:427] failed: HTTP 403: {"error": {"code": "aii_run_budget_exhausted", "message": "AI Inventor per-run OpenRouter budget reached for Test idea: $7.12 of $7.00 spent by this run in that phase. This is AI Inventor's internal l
04:24:15|WARNING|[M3c_arb:M3c_arb:429] failed: HTTP 403: {"error": {"code": "aii_run_budget_exhausted", "message": "AI Inventor per-run OpenRouter budget reached for Test idea: $7.12 of $7.00 spent by this run in that phase. This is AI Inventor's internal l
04:24:15|WARNING|[M3c_arb:M3c_arb:433] failed: HTTP 403: {"error": {"code": "aii_run_budget_exhausted", "message": "AI Inventor per-run OpenRouter budget reached for Test idea: $7.12 of $7.00 spent by this run in that phase. This is AI Inventor's internal l
04:24:15|WARNING|[M3c_arb:M3c_arb:430] failed: HTTP 403: {"error": {"code": "aii_run_budget_exhausted", "message": "AI Inventor per-run OpenRouter budget reached for Test idea: $7.12 of $7.00 spent by this run in that phase. This is AI Inventor's internal l
04:24:15|WARNING|[M3c_arb:M3c_arb:434] failed: HTTP 403: {"error": {"code": "aii_run_budget_exhausted", "message": "AI Inventor per-run OpenRouter budget reached for Test idea: $7.12 of $7.00 spent by this run in that phase. This is AI Inventor's internal l
04:24:15|WARNING|[M3c_arb:M3c_arb:438] failed: HTTP 403: {"error": {"code": "aii_run_budget_exhausted", "message": "AI Inventor per-run OpenRouter budget reached for Test idea: $7.12 of $7.00 spent by this run in that phase. This is AI Inventor's internal l
04:24:15|WARNING|[M3c_arb:M3c_arb:431] failed: HTTP 403: {"error": {"code": "aii_run_budget_exhausted", "message": "AI Inventor per-run OpenRouter budget reached for Test idea: $7.12 of $7.00 spent by this run in that phase. This is AI Inventor's internal l
04:24:15|WARNING|[M3c_arb:M3c_arb:435] failed: HTTP 403: {"error": {"code": "aii_run_budget_exhausted", "message": "AI Inventor per-run OpenRouter budget reached for Test idea: $7.12 of $7.00 spent by this run in that phase. This is AI Inventor's internal l
04:24:15|WARNING|[M3c_arb:M3c_arb:440] failed: HTTP 403: {"error": {"code": "aii_run_budget_exhausted", "message": "AI Inventor per-run OpenRouter budget reached for Test idea: $7.12 of $7.00 spent by this run in that phase. This is AI Inventor's internal l
04:24:15|WARNING|[M3c_arb:M3c_arb:441] failed: HTTP 403: {"error": {"code": "aii_run_budget_exhausted", "message": "AI Inventor per-run OpenRouter budget reached for Test idea: $7.12 of $7.00 spent by this run in that phase. This is AI Inventor's internal l
04:24:15|WARNING|[M3c_arb:M3c_arb:436] failed: HTTP 403: {"error": {"code": "aii_run_budget_exhausted", "message": "AI Inventor per-run OpenRouter budget reached for Test idea: $7.12 of $7.00 spent by this run in that phase. This is AI Inventor's internal l
04:24:15|WARNING|[M3c_arb:M3c_arb:442] failed: HTTP 403: {"error": {"code": "aii_run_budget_exhausted", "message": "AI Inventor per-run OpenRouter budget reached for Test idea: $7.12 of $7.00 spent by this run in that phase. This is AI Inventor's internal l
04:24:15|WARNING|[M3c_arb:M3c_arb:439] failed: HTTP 403: {"error": {"code": "aii_run_budget_exhausted", "message": "AI Inventor per-run OpenRouter budget reached for Test idea: $7.12 of $7.00 spent by this run in that phase. This is AI Inventor's internal l
04:24:15|WARNING|[M3c_arb:M3c_arb:437] failed: HTTP 403: {"error": {"code": "aii_run_budget_exhausted", "message": "AI Inventor per-run OpenRouter budget reached for Test idea: $7.12 of $7.00 spent by this run in that phase. This is AI Inventor's internal l
04:24:15|WARNING|[M3c_arb:M3c_arb:443] failed: HTTP 403: {"error": {"code": "aii_run_budget_exhausted", "message": "AI Inventor per-run OpenRouter budget reached for Test idea: $7.12 of $7.00 spent by this run in that phase. This is AI Inventor's internal l
04:24:15|WARNING|[M3c_arb:M3c_arb:445] failed: HTTP 403: {"error": {"code": "aii_run_budget_exhausted", "message": "AI Inventor per-run OpenRouter budget reached for Test idea: $7.12 of $7.00 spent by this run in that phase. This is AI Inventor's internal l
04:24:15|WARNING|[M3c_arb:M3c_arb:448] failed: HTTP 403: {"error": {"code": "aii_run_budget_exhausted", "message": "AI Inventor per-run OpenRouter budget reached for Test idea: $7.12 of $7.00 spent by this run in that phase. This is AI Inventor's internal l
04:24:15|WARNING|[M3c_arb:M3c_arb:449] failed: HTTP 403: {"error": {"code": "aii_run_budget_exhausted", "message": "AI Inventor per-run OpenRouter budget reached for Test idea: $7.12 of $7.00 spent by this run in that phase. This is AI Inventor's internal l
04:24:15|WARNING|[M3c_arb:M3c_arb:447] failed: HTTP 403: {"error": {"code": "aii_run_budget_exhausted", "message": "AI Inventor per-run OpenRouter budget reached for Test idea: $7.12 of $7.00 spent by this run in that phase. This is AI Inventor's internal l
04:24:15|WARNING|[M3c_arb:M3c_arb:446] failed: HTTP 403: {"error": {"code": "aii_run_budget_exhausted", "message": "AI Inventor per-run OpenRouter budget reached for Test idea: $7.12 of $7.00 spent by this run in that phase. This is AI Inventor's internal l
04:24:15|WARNING|[M3c_arb:M3c_arb:444] failed: HTTP 403: {"error": {"code": "aii_run_budget_exhausted", "message": "AI Inventor per-run OpenRouter budget reached for Test idea: $7.12 of $7.00 spent by this run in that phase. This is AI Inventor's internal l
04:24:15|WARNING|[M3c_arb:M3c_arb:450] failed: HTTP 403: {"error": {"code": "aii_run_budget_exhausted", "message": "AI Inventor per-run OpenRouter budget reached for Test idea: $7.12 of $7.00 spent by this run in that phase. This is AI Inventor's internal l
04:24:15|WARNING|[M3c_arb:M3c_arb:451] failed: HTTP 403: {"error": {"code": "aii_run_budget_exhausted", "message": "AI Inventor per-run OpenRouter budget reached for Test idea: $7.12 of $7.00 spent by this run in that phase. This is AI Inventor's internal l
04:24:15|WARNING|[M3c_arb:M3c_arb:452] failed: HTTP 403: {"error": {"code": "aii_run_budget_exhausted", "message": "AI Inventor per-run OpenRouter budget reached for Test idea: $7.12 of $7.00 spent by this run in that phase. This is AI Inventor's internal l
04:24:15|WARNING|[M3c_arb:M3c_arb:454] failed: HTTP 403: {"error": {"code": "aii_run_budget_exhausted", "message": "AI Inventor per-run OpenRouter budget reached for Test idea: $7.12 of $7.00 spent by this run in that phase. This is AI Inventor's internal l
04:24:15|WARNING|[M3c_arb:M3c_arb:453] failed: HTTP 403: {"error": {"code": "aii_run_budget_exhausted", "message": "AI Inventor per-run OpenRouter budget reached for Test idea: $7.12 of $7.00 spent by this run in that phase. This is AI Inventor's internal l
04:24:15|WARNING|[M3c_arb:M3c_arb:455] failed: HTTP 403: {"error": {"code": "aii_run_budget_exhausted", "message": "AI Inventor per-run OpenRouter budget reached for Test idea: $7.12 of $7.00 spent by this run in that phase. This is AI Inventor's internal l
04:24:15|WARNING|[M3c_arb:M3c_arb:457] failed: HTTP 403: {"error": {"code": "aii_run_budget_exhausted", "message": "AI Inventor per-run OpenRouter budget reached for Test idea: $7.12 of $7.00 spent by this run in that phase. This is AI Inventor's internal l
04:24:15|WARNING|[M3c_arb:M3c_arb:458] failed: HTTP 403: {"error": {"code": "aii_run_budget_exhausted", "message": "AI Inventor per-run OpenRouter budget reached for Test idea: $7.12 of $7.00 spent by this run in that phase. This is AI Inventor's internal l
04:24:15|WARNING|[M3c_arb:M3c_arb:456] failed: HTTP 403: {"error": {"code": "aii_run_budget_exhausted", "message": "AI Inventor per-run OpenRouter budget reached for Test idea: $7.12 of $7.00 spent by this run in that phase. This is AI Inventor's internal l
04:24:15|WARNING|[M3c_arb:M3c_arb:459] failed: HTTP 403: {"error": {"code": "aii_run_budget_exhausted", "message": "AI Inventor per-run OpenRouter budget reached for Test idea: $7.12 of $7.00 spent by this run in that phase. This is AI Inventor's internal l
04:24:15|WARNING|[M3c_arb:M3c_arb:460] failed: HTTP 403: {"error": {"code": "aii_run_budget_exhausted", "message": "AI Inventor per-run OpenRouter budget reached for Test idea: $7.12 of $7.00 spent by this run in that phase. This is AI Inventor's internal l
04:24:15|WARNING|[M3c_arb:M3c_arb:467] failed: HTTP 403: {"error": {"code": "aii_run_budget_exhausted", "message": "AI Inventor per-run OpenRouter budget reached for Test idea: $7.12 of $7.00 spent by this run in that phase. This is AI Inventor's internal l
04:24:15|WARNING|[M3c_arb:M3c_arb:466] failed: HTTP 403: {"error": {"code": "aii_run_budget_exhausted", "message": "AI Inventor per-run OpenRouter budget reached for Test idea: $7.12 of $7.00 spent by this run in that phase. This is AI Inventor's internal l
04:24:15|WARNING|[M3c_arb:M3c_arb:461] failed: HTTP 403: {"error": {"code": "aii_run_budget_exhausted", "message": "AI Inventor per-run OpenRouter budget reached for Test idea: $7.12 of $7.00 spent by this run in that phase. This is AI Inventor's internal l
04:24:15|WARNING|[M3c_arb:M3c_arb:464] failed: HTTP 403: {"error": {"code": "aii_run_budget_exhausted", "message": "AI Inventor per-run OpenRouter budget reached for Test idea: $7.12 of $7.00 spent by this run in that phase. This is AI Inventor's internal l
04:24:15|WARNING|[M3c_arb:M3c_arb:462] failed: HTTP 403: {"error": {"code": "aii_run_budget_exhausted", "message": "AI Inventor per-run OpenRouter budget reached for Test idea: $7.12 of $7.00 spent by this run in that phase. This is AI Inventor's internal l
04:24:15|WARNING|[M3c_arb:M3c_arb:463] failed: HTTP 403: {"error": {"code": "aii_run_budget_exhausted", "message": "AI Inventor per-run OpenRouter budget reached for Test idea: $7.12 of $7.00 spent by this run in that phase. This is AI Inventor's internal l
04:24:15|WARNING|[M3c_arb:M3c_arb:469] failed: HTTP 403: {"error": {"code": "aii_run_budget_exhausted", "message": "AI Inventor per-run OpenRouter budget reached for Test idea: $7.12 of $7.00 spent by this run in that phase. This is AI Inventor's internal l
04:24:15|WARNING|[M3c_arb:M3c_arb:468] failed: HTTP 403: {"error": {"code": "aii_run_budget_exhausted", "message": "AI Inventor per-run OpenRouter budget reached for Test idea: $7.12 of $7.00 spent by this run in that phase. This is AI Inventor's internal l
04:24:15|WARNING|[M3c_arb:M3c_arb:465] failed: HTTP 403: {"error": {"code": "aii_run_budget_exhausted", "message": "AI Inventor per-run OpenRouter budget reached for Test idea: $7.12 of $7.00 spent by this run in that phase. This is AI Inventor's internal l
04:24:16|WARNING|[M3c_arb:M3c_arb:470] failed: HTTP 403: {"error": {"code": "aii_run_budget_exhausted", "message": "AI Inventor per-run OpenRouter budget reached for Test idea: $7.12 of $7.00 spent by this run in that phase. This is AI Inventor's internal l
04:24:16|WARNING|[M3c_arb:M3c_arb:471] failed: HTTP 403: {"error": {"code": "aii_run_budget_exhausted", "message": "AI Inventor per-run OpenRouter budget reached for Test idea: $7.12 of $7.00 spent by this run in that phase. This is AI Inventor's internal l
04:24:16|WARNING|[M3c_arb:M3c_arb:472] failed: HTTP 403: {"error": {"code": "aii_run_budget_exhausted", "message": "AI Inventor per-run OpenRouter budget reached for Test idea: $7.12 of $7.00 spent by this run in that phase. This is AI Inventor's internal l
04:24:16|WARNING|[M3c_arb:M3c_arb:474] failed: HTTP 403: {"error": {"code": "aii_run_budget_exhausted", "message": "AI Inventor per-run OpenRouter budget reached for Test idea: $7.12 of $7.00 spent by this run in that phase. This is AI Inventor's internal l
04:24:16|WARNING|[M3c_arb:M3c_arb:473] failed: HTTP 403: {"error": {"code": "aii_run_budget_exhausted", "message": "AI Inventor per-run OpenRouter budget reached for Test idea: $7.12 of $7.00 spent by this run in that phase. This is AI Inventor's internal l
04:24:16|WARNING|[M3c_arb:M3c_arb:475] failed: HTTP 403: {"error": {"code": "aii_run_budget_exhausted", "message": "AI Inventor per-run OpenRouter budget reached for Test idea: $7.12 of $7.00 spent by this run in that phase. This is AI Inventor's internal l
04:24:16|WARNING|[M3c_arb:M3c_arb:476] failed: HTTP 403: {"error": {"code": "aii_run_budget_exhausted", "message": "AI Inventor per-run OpenRouter budget reached for Test idea: $7.12 of $7.00 spent by this run in that phase. This is AI Inventor's internal l
04:24:16|WARNING|[M3c_arb:M3c_arb:477] failed: HTTP 403: {"error": {"code": "aii_run_budget_exhausted", "message": "AI Inventor per-run OpenRouter budget reached for Test idea: $7.12 of $7.00 spent by this run in that phase. This is AI Inventor's internal l
04:24:16|WARNING|[M3c_arb:M3c_arb:478] failed: HTTP 403: {"error": {"code": "aii_run_budget_exhausted", "message": "AI Inventor per-run OpenRouter budget reached for Test idea: $7.12 of $7.00 spent by this run in that phase. This is AI Inventor's internal l
04:24:16|WARNING|[M3c_arb:M3c_arb:479] failed: HTTP 403: {"error": {"code": "aii_run_budget_exhausted", "message": "AI Inventor per-run OpenRouter budget reached for Test idea: $7.12 of $7.00 spent by this run in that phase. This is AI Inventor's internal l
04:24:16|WARNING|[M3c_arb:M3c_arb:482] failed: HTTP 403: {"error": {"code": "aii_run_budget_exhausted", "message": "AI Inventor per-run OpenRouter budget reached for Test idea: $7.12 of $7.00 spent by this run in that phase. This is AI Inventor's internal l
04:24:16|WARNING|[M3c_arb:M3c_arb:481] failed: HTTP 403: {"error": {"code": "aii_run_budget_exhausted", "message": "AI Inventor per-run OpenRouter budget reached for Test idea: $7.12 of $7.00 spent by this run in that phase. This is AI Inventor's internal l
04:24:16|WARNING|[M3c_arb:M3c_arb:483] failed: HTTP 403: {"error": {"code": "aii_run_budget_exhausted", "message": "AI Inventor per-run OpenRouter budget reached for Test idea: $7.12 of $7.00 spent by this run in that phase. This is AI Inventor's internal l
04:24:16|WARNING|[M3c_arb:M3c_arb:480] failed: HTTP 403: {"error": {"code": "aii_run_budget_exhausted", "message": "AI Inventor per-run OpenRouter budget reached for Test idea: $7.12 of $7.00 spent by this run in that phase. This is AI Inventor's internal l
04:24:16|WARNING|[M3c_arb:M3c_arb:484] failed: HTTP 403: {"error": {"code": "aii_run_budget_exhausted", "message": "AI Inventor per-run OpenRouter budget reached for Test idea: $7.12 of $7.00 spent by this run in that phase. This is AI Inventor's internal l
04:24:16|WARNING|[M3c_arb:M3c_arb:485] failed: HTTP 403: {"error": {"code": "aii_run_budget_exhausted", "message": "AI Inventor per-run OpenRouter budget reached for Test idea: $7.12 of $7.00 spent by this run in that phase. This is AI Inventor's internal l
04:24:16|WARNING|[M3c_arb:M3c_arb:486] failed: HTTP 403: {"error": {"code": "aii_run_budget_exhausted", "message": "AI Inventor per-run OpenRouter budget reached for Test idea: $7.12 of $7.00 spent by this run in that phase. This is AI Inventor's internal l
04:24:16|WARNING|[M3c_arb:M3c_arb:489] failed: HTTP 403: {"error": {"code": "aii_run_budget_exhausted", "message": "AI Inventor per-run OpenRouter budget reached for Test idea: $7.12 of $7.00 spent by this run in that phase. This is AI Inventor's internal l
04:24:16|WARNING|[M3c_arb:M3c_arb:492] failed: HTTP 403: {"error": {"code": "aii_run_budget_exhausted", "message": "AI Inventor per-run OpenRouter budget reached for Test idea: $7.12 of $7.00 spent by this run in that phase. This is AI Inventor's internal l
04:24:16|WARNING|[M3c_arb:M3c_arb:487] failed: HTTP 403: {"error": {"code": "aii_run_budget_exhausted", "message": "AI Inventor per-run OpenRouter budget reached for Test idea: $7.12 of $7.00 spent by this run in that phase. This is AI Inventor's internal l
04:24:16|WARNING|[M3c_arb:M3c_arb:490] failed: HTTP 403: {"error": {"code": "aii_run_budget_exhausted", "message": "AI Inventor per-run OpenRouter budget reached for Test idea: $7.12 of $7.00 spent by this run in that phase. This is AI Inventor's internal l
04:24:16|WARNING|[M3c_arb:M3c_arb:491] failed: HTTP 403: {"error": {"code": "aii_run_budget_exhausted", "message": "AI Inventor per-run OpenRouter budget reached for Test idea: $7.12 of $7.00 spent by this run in that phase. This is AI Inventor's internal l
04:24:16|WARNING|[M3c_arb:M3c_arb:488] failed: HTTP 403: {"error": {"code": "aii_run_budget_exhausted", "message": "AI Inventor per-run OpenRouter budget reached for Test idea: $7.12 of $7.00 spent by this run in that phase. This is AI Inventor's internal l
04:24:16|WARNING|[M3c_arb:M3c_arb:495] failed: HTTP 403: {"error": {"code": "aii_run_budget_exhausted", "message": "AI Inventor per-run OpenRouter budget reached for Test idea: $7.12 of $7.00 spent by this run in that phase. This is AI Inventor's internal l
04:24:16|WARNING|[M3c_arb:M3c_arb:493] failed: HTTP 403: {"error": {"code": "aii_run_budget_exhausted", "message": "AI Inventor per-run OpenRouter budget reached for Test idea: $7.12 of $7.00 spent by this run in that phase. This is AI Inventor's internal l
04:24:16|WARNING|[M3c_arb:M3c_arb:494] failed: HTTP 403: {"error": {"code": "aii_run_budget_exhausted", "message": "AI Inventor per-run OpenRouter budget reached for Test idea: $7.12 of $7.00 spent by this run in that phase. This is AI Inventor's internal l
04:24:16|WARNING|[M3c_arb:M3c_arb:496] failed: HTTP 403: {"error": {"code": "aii_run_budget_exhausted", "message": "AI Inventor per-run OpenRouter budget reached for Test idea: $7.12 of $7.00 spent by this run in that phase. This is AI Inventor's internal l
04:24:16|WARNING|[M3c_arb:M3c_arb:498] failed: HTTP 403: {"error": {"code": "aii_run_budget_exhausted", "message": "AI Inventor per-run OpenRouter budget reached for Test idea: $7.12 of $7.00 spent by this run in that phase. This is AI Inventor's internal l
04:24:16|WARNING|[M3c_arb:M3c_arb:501] failed: HTTP 403: {"error": {"code": "aii_run_budget_exhausted", "message": "AI Inventor per-run OpenRouter budget reached for Test idea: $7.12 of $7.00 spent by this run in that phase. This is AI Inventor's internal l
04:24:16|WARNING|[M3c_arb:M3c_arb:497] failed: HTTP 403: {"error": {"code": "aii_run_budget_exhausted", "message": "AI Inventor per-run OpenRouter budget reached for Test idea: $7.12 of $7.00 spent by this run in that phase. This is AI Inventor's internal l
04:24:16|WARNING|[M3c_arb:M3c_arb:499] failed: HTTP 403: {"error": {"code": "aii_run_budget_exhausted", "message": "AI Inventor per-run OpenRouter budget reached for Test idea: $7.12 of $7.00 spent by this run in that phase. This is AI Inventor's internal l
04:24:16|WARNING|[M3c_arb:M3c_arb:500] failed: HTTP 403: {"error": {"code": "aii_run_budget_exhausted", "message": "AI Inventor per-run OpenRouter budget reached for Test idea: $7.12 of $7.00 spent by this run in that phase. This is AI Inventor's internal l
04:24:16|WARNING|[M3c_arb:M3c_arb:502] failed: HTTP 403: {"error": {"code": "aii_run_budget_exhausted", "message": "AI Inventor per-run OpenRouter budget reached for Test idea: $7.12 of $7.00 spent by this run in that phase. This is AI Inventor's internal l
04:24:16|WARNING|[M3c_arb:M3c_arb:505] failed: HTTP 403: {"error": {"code": "aii_run_budget_exhausted", "message": "AI Inventor per-run OpenRouter budget reached for Test idea: $7.12 of $7.00 spent by this run in that phase. This is AI Inventor's internal l
04:24:16|WARNING|[M3c_arb:M3c_arb:504] failed: HTTP 403: {"error": {"code": "aii_run_budget_exhausted", "message": "AI Inventor per-run OpenRouter budget reached for Test idea: $7.12 of $7.00 spent by this run in that phase. This is AI Inventor's internal l
04:24:16|WARNING|[M3c_arb:M3c_arb:506] failed: HTTP 403: {"error": {"code": "aii_run_budget_exhausted", "message": "AI Inventor per-run OpenRouter budget reached for Test idea: $7.12 of $7.00 spent by this run in that phase. This is AI Inventor's internal l
04:24:16|WARNING|[M3c_arb:M3c_arb:508] failed: HTTP 403: {"error": {"code": "aii_run_budget_exhausted", "message": "AI Inventor per-run OpenRouter budget reached for Test idea: $7.12 of $7.00 spent by this run in that phase. This is AI Inventor's internal l
04:24:16|WARNING|[M3c_arb:M3c_arb:507] failed: HTTP 403: {"error": {"code": "aii_run_budget_exhausted", "message": "AI Inventor per-run OpenRouter budget reached for Test idea: $7.12 of $7.00 spent by this run in that phase. This is AI Inventor's internal l
04:24:16|WARNING|[M3c_arb:M3c_arb:509] failed: HTTP 403: {"error": {"code": "aii_run_budget_exhausted", "message": "AI Inventor per-run OpenRouter budget reached for Test idea: $7.12 of $7.00 spent by this run in that phase. This is AI Inventor's internal l
04:24:16|WARNING|[M3c_arb:M3c_arb:503] failed: HTTP 403: {"error": {"code": "aii_run_budget_exhausted", "message": "AI Inventor per-run OpenRouter budget reached for Test idea: $7.12 of $7.00 spent by this run in that phase. This is AI Inventor's internal l
04:24:16|WARNING|[M3c_arb:M3c_arb:510] failed: HTTP 403: {"error": {"code": "aii_run_budget_exhausted", "message": "AI Inventor per-run OpenRouter budget reached for Test idea: $7.12 of $7.00 spent by this run in that phase. This is AI Inventor's internal l
04:24:16|WARNING|[M3c_arb:M3c_arb:511] failed: HTTP 403: {"error": {"code": "aii_run_budget_exhausted", "message": "AI Inventor per-run OpenRouter budget reached for Test idea: $7.12 of $7.00 spent by this run in that phase. This is AI Inventor's internal l
04:24:16|WARNING|[M3c_arb:M3c_arb:517] failed: HTTP 403: {"error": {"code": "aii_run_budget_exhausted", "message": "AI Inventor per-run OpenRouter budget reached for Test idea: $7.12 of $7.00 spent by this run in that phase. This is AI Inventor's internal l
04:24:16|WARNING|[M3c_arb:M3c_arb:514] failed: HTTP 403: {"error": {"code": "aii_run_budget_exhausted", "message": "AI Inventor per-run OpenRouter budget reached for Test idea: $7.12 of $7.00 spent by this run in that phase. This is AI Inventor's internal l
04:24:16|WARNING|[M3c_arb:M3c_arb:513] failed: HTTP 403: {"error": {"code": "aii_run_budget_exhausted", "message": "AI Inventor per-run OpenRouter budget reached for Test idea: $7.12 of $7.00 spent by this run in that phase. This is AI Inventor's internal l
04:24:16|WARNING|[M3c_arb:M3c_arb:512] failed: HTTP 403: {"error": {"code": "aii_run_budget_exhausted", "message": "AI Inventor per-run OpenRouter budget reached for Test idea: $7.12 of $7.00 spent by this run in that phase. This is AI Inventor's internal l
04:24:16|WARNING|[M3c_arb:M3c_arb:516] failed: HTTP 403: {"error": {"code": "aii_run_budget_exhausted", "message": "AI Inventor per-run OpenRouter budget reached for Test idea: $7.12 of $7.00 spent by this run in that phase. This is AI Inventor's internal l
04:24:16|WARNING|[M3c_arb:M3c_arb:518] failed: HTTP 403: {"error": {"code": "aii_run_budget_exhausted", "message": "AI Inventor per-run OpenRouter budget reached for Test idea: $7.12 of $7.00 spent by this run in that phase. This is AI Inventor's internal l
04:24:16|WARNING|[M3c_arb:M3c_arb:515] failed: HTTP 403: {"error": {"code": "aii_run_budget_exhausted", "message": "AI Inventor per-run OpenRouter budget reached for Test idea: $7.12 of $7.00 spent by this run in that phase. This is AI Inventor's internal l
04:24:16|WARNING|[M3c_arb:M3c_arb:520] failed: HTTP 403: {"error": {"code": "aii_run_budget_exhausted", "message": "AI Inventor per-run OpenRouter budget reached for Test idea: $7.12 of $7.00 spent by this run in that phase. This is AI Inventor's internal l
04:24:16|WARNING|[M3c_arb:M3c_arb:521] failed: HTTP 403: {"error": {"code": "aii_run_budget_exhausted", "message": "AI Inventor per-run OpenRouter budget reached for Test idea: $7.12 of $7.00 spent by this run in that phase. This is AI Inventor's internal l
04:24:16|WARNING|[M3c_arb:M3c_arb:519] failed: HTTP 403: {"error": {"code": "aii_run_budget_exhausted", "message": "AI Inventor per-run OpenRouter budget reached for Test idea: $7.12 of $7.00 spent by this run in that phase. This is AI Inventor's internal l
04:24:16|WARNING|[M3c_arb:M3c_arb:523] failed: HTTP 403: {"error": {"code": "aii_run_budget_exhausted", "message": "AI Inventor per-run OpenRouter budget reached for Test idea: $7.12 of $7.00 spent by this run in that phase. This is AI Inventor's internal l
04:24:16|WARNING|[M3c_arb:M3c_arb:525] failed: HTTP 403: {"error": {"code": "aii_run_budget_exhausted", "message": "AI Inventor per-run OpenRouter budget reached for Test idea: $7.12 of $7.00 spent by this run in that phase. This is AI Inventor's internal l
04:24:16|WARNING|[M3c_arb:M3c_arb:526] failed: HTTP 403: {"error": {"code": "aii_run_budget_exhausted", "message": "AI Inventor per-run OpenRouter budget reached for Test idea: $7.12 of $7.00 spent by this run in that phase. This is AI Inventor's internal l
04:24:16|WARNING|[M3c_arb:M3c_arb:522] failed: HTTP 403: {"error": {"code": "aii_run_budget_exhausted", "message": "AI Inventor per-run OpenRouter budget reached for Test idea: $7.12 of $7.00 spent by this run in that phase. This is AI Inventor's internal l
04:24:16|WARNING|[M3c_arb:M3c_arb:524] failed: HTTP 403: {"error": {"code": "aii_run_budget_exhausted", "message": "AI Inventor per-run OpenRouter budget reached for Test idea: $7.12 of $7.00 spent by this run in that phase. This is AI Inventor's internal l
04:24:16|WARNING|[M3c_arb:M3c_arb:527] failed: HTTP 403: {"error": {"code": "aii_run_budget_exhausted", "message": "AI Inventor per-run OpenRouter budget reached for Test idea: $7.12 of $7.00 spent by this run in that phase. This is AI Inventor's internal l
04:24:16|WARNING|[M3c_arb:M3c_arb:528] failed: HTTP 403: {"error": {"code": "aii_run_budget_exhausted", "message": "AI Inventor per-run OpenRouter budget reached for Test idea: $7.12 of $7.00 spent by this run in that phase. This is AI Inventor's internal l
04:24:16|WARNING|[M3c_arb:M3c_arb:533] failed: HTTP 403: {"error": {"code": "aii_run_budget_exhausted", "message": "AI Inventor per-run OpenRouter budget reached for Test idea: $7.12 of $7.00 spent by this run in that phase. This is AI Inventor's internal l
04:24:16|WARNING|[M3c_arb:M3c_arb:531] failed: HTTP 403: {"error": {"code": "aii_run_budget_exhausted", "message": "AI Inventor per-run OpenRouter budget reached for Test idea: $7.12 of $7.00 spent by this run in that phase. This is AI Inventor's internal l
04:24:16|WARNING|[M3c_arb:M3c_arb:535] failed: HTTP 403: {"error": {"code": "aii_run_budget_exhausted", "message": "AI Inventor per-run OpenRouter budget reached for Test idea: $7.12 of $7.00 spent by this run in that phase. This is AI Inventor's internal l
04:24:16|WARNING|[M3c_arb:M3c_arb:529] failed: HTTP 403: {"error": {"code": "aii_run_budget_exhausted", "message": "AI Inventor per-run OpenRouter budget reached for Test idea: $7.12 of $7.00 spent by this run in that phase. This is AI Inventor's internal l
04:24:16|WARNING|[M3c_arb:M3c_arb:530] failed: HTTP 403: {"error": {"code": "aii_run_budget_exhausted", "message": "AI Inventor per-run OpenRouter budget reached for Test idea: $7.12 of $7.00 spent by this run in that phase. This is AI Inventor's internal l
04:24:16|WARNING|[M3c_arb:M3c_arb:534] failed: HTTP 403: {"error": {"code": "aii_run_budget_exhausted", "message": "AI Inventor per-run OpenRouter budget reached for Test idea: $7.12 of $7.00 spent by this run in that phase. This is AI Inventor's internal l
04:24:16|WARNING|[M3c_arb:M3c_arb:532] failed: HTTP 403: {"error": {"code": "aii_run_budget_exhausted", "message": "AI Inventor per-run OpenRouter budget reached for Test idea: $7.12 of $7.00 spent by this run in that phase. This is AI Inventor's internal l
04:24:16|WARNING|[M3c_arb:M3c_arb:537] failed: HTTP 403: {"error": {"code": "aii_run_budget_exhausted", "message": "AI Inventor per-run OpenRouter budget reached for Test idea: $7.12 of $7.00 spent by this run in that phase. This is AI Inventor's internal l
04:24:16|WARNING|[M3c_arb:M3c_arb:539] failed: HTTP 403: {"error": {"code": "aii_run_budget_exhausted", "message": "AI Inventor per-run OpenRouter budget reached for Test idea: $7.12 of $7.00 spent by this run in that phase. This is AI Inventor's internal l
04:24:16|WARNING|[M3c_arb:M3c_arb:536] failed: HTTP 403: {"error": {"code": "aii_run_budget_exhausted", "message": "AI Inventor per-run OpenRouter budget reached for Test idea: $7.12 of $7.00 spent by this run in that phase. This is AI Inventor's internal l
04:24:16|WARNING|[M3c_arb:M3c_arb:538] failed: HTTP 403: {"error": {"code": "aii_run_budget_exhausted", "message": "AI Inventor per-run OpenRouter budget reached for Test idea: $7.12 of $7.00 spent by this run in that phase. This is AI Inventor's internal l
04:24:16|WARNING|[M3c_arb:M3c_arb:540] failed: HTTP 403: {"error": {"code": "aii_run_budget_exhausted", "message": "AI Inventor per-run OpenRouter budget reached for Test idea: $7.12 of $7.00 spent by this run in that phase. This is AI Inventor's internal l
04:24:16|WARNING|[M3c_arb:M3c_arb:543] failed: HTTP 403: {"error": {"code": "aii_run_budget_exhausted", "message": "AI Inventor per-run OpenRouter budget reached for Test idea: $7.12 of $7.00 spent by this run in that phase. This is AI Inventor's internal l
04:24:16|WARNING|[M3c_arb:M3c_arb:541] failed: HTTP 403: {"error": {"code": "aii_run_budget_exhausted", "message": "AI Inventor per-run OpenRouter budget reached for Test idea: $7.12 of $7.00 spent by this run in that phase. This is AI Inventor's internal l
04:24:16|WARNING|[M3c_arb:M3c_arb:542] failed: HTTP 403: {"error": {"code": "aii_run_budget_exhausted", "message": "AI Inventor per-run OpenRouter budget reached for Test idea: $7.12 of $7.00 spent by this run in that phase. This is AI Inventor's internal l
04:24:16|WARNING|[M3c_arb:M3c_arb:544] failed: HTTP 403: {"error": {"code": "aii_run_budget_exhausted", "message": "AI Inventor per-run OpenRouter budget reached for Test idea: $7.12 of $7.00 spent by this run in that phase. This is AI Inventor's internal l
04:24:16|WARNING|[M3c_arb:M3c_arb:545] failed: HTTP 403: {"error": {"code": "aii_run_budget_exhausted", "message": "AI Inventor per-run OpenRouter budget reached for Test idea: $7.12 of $7.00 spent by this run in that phase. This is AI Inventor's internal l
04:24:16|WARNING|[M3c_arb:M3c_arb:546] failed: HTTP 403: {"error": {"code": "aii_run_budget_exhausted", "message": "AI Inventor per-run OpenRouter budget reached for Test idea: $7.12 of $7.00 spent by this run in that phase. This is AI Inventor's internal l
04:24:16|WARNING|[M3c_arb:M3c_arb:550] failed: HTTP 403: {"error": {"code": "aii_run_budget_exhausted", "message": "AI Inventor per-run OpenRouter budget reached for Test idea: $7.12 of $7.00 spent by this run in that phase. This is AI Inventor's internal l
04:24:16|WARNING|[M3c_arb:M3c_arb:548] failed: HTTP 403: {"error": {"code": "aii_run_budget_exhausted", "message": "AI Inventor per-run OpenRouter budget reached for Test idea: $7.12 of $7.00 spent by this run in that phase. This is AI Inventor's internal l
04:24:16|WARNING|[M3c_arb:M3c_arb:547] failed: HTTP 403: {"error": {"code": "aii_run_budget_exhausted", "message": "AI Inventor per-run OpenRouter budget reached for Test idea: $7.12 of $7.00 spent by this run in that phase. This is AI Inventor's internal l
04:24:16|WARNING|[M3c_arb:M3c_arb:549] failed: HTTP 403: {"error": {"code": "aii_run_budget_exhausted", "message": "AI Inventor per-run OpenRouter budget reached for Test idea: $7.12 of $7.00 spent by this run in that phase. This is AI Inventor's internal l
04:24:16|WARNING|[M3c_arb:M3c_arb:551] failed: HTTP 403: {"error": {"code": "aii_run_budget_exhausted", "message": "AI Inventor per-run OpenRouter budget reached for Test idea: $7.12 of $7.00 spent by this run in that phase. This is AI Inventor's internal l
04:24:16|WARNING|[M3c_arb:M3c_arb:552] failed: HTTP 403: {"error": {"code": "aii_run_budget_exhausted", "message": "AI Inventor per-run OpenRouter budget reached for Test idea: $7.12 of $7.00 spent by this run in that phase. This is AI Inventor's internal l
04:24:16|WARNING|[M3c_arb:M3c_arb:556] failed: HTTP 403: {"error": {"code": "aii_run_budget_exhausted", "message": "AI Inventor per-run OpenRouter budget reached for Test idea: $7.12 of $7.00 spent by this run in that phase. This is AI Inventor's internal l
04:24:16|WARNING|[M3c_arb:M3c_arb:558] failed: HTTP 403: {"error": {"code": "aii_run_budget_exhausted", "message": "AI Inventor per-run OpenRouter budget reached for Test idea: $7.12 of $7.00 spent by this run in that phase. This is AI Inventor's internal l
04:24:16|WARNING|[M3c_arb:M3c_arb:555] failed: HTTP 403: {"error": {"code": "aii_run_budget_exhausted", "message": "AI Inventor per-run OpenRouter budget reached for Test idea: $7.12 of $7.00 spent by this run in that phase. This is AI Inventor's internal l
04:24:16|WARNING|[M3c_arb:M3c_arb:557] failed: HTTP 403: {"error": {"code": "aii_run_budget_exhausted", "message": "AI Inventor per-run OpenRouter budget reached for Test idea: $7.12 of $7.00 spent by this run in that phase. This is AI Inventor's internal l
04:24:16|WARNING|[M3c_arb:M3c_arb:553] failed: HTTP 403: {"error": {"code": "aii_run_budget_exhausted", "message": "AI Inventor per-run OpenRouter budget reached for Test idea: $7.12 of $7.00 spent by this run in that phase. This is AI Inventor's internal l
04:24:16|WARNING|[M3c_arb:M3c_arb:554] failed: HTTP 403: {"error": {"code": "aii_run_budget_exhausted", "message": "AI Inventor per-run OpenRouter budget reached for Test idea: $7.12 of $7.00 spent by this run in that phase. This is AI Inventor's internal l
04:24:16|WARNING|[M3c_arb:M3c_arb:561] failed: HTTP 403: {"error": {"code": "aii_run_budget_exhausted", "message": "AI Inventor per-run OpenRouter budget reached for Test idea: $7.12 of $7.00 spent by this run in that phase. This is AI Inventor's internal l
04:24:16|WARNING|[M3c_arb:M3c_arb:559] failed: HTTP 403: {"error": {"code": "aii_run_budget_exhausted", "message": "AI Inventor per-run OpenRouter budget reached for Test idea: $7.12 of $7.00 spent by this run in that phase. This is AI Inventor's internal l
04:24:16|WARNING|[M3c_arb:M3c_arb:562] failed: HTTP 403: {"error": {"code": "aii_run_budget_exhausted", "message": "AI Inventor per-run OpenRouter budget reached for Test idea: $7.12 of $7.00 spent by this run in that phase. This is AI Inventor's internal l
04:24:16|WARNING|[M3c_arb:M3c_arb:565] failed: HTTP 403: {"error": {"code": "aii_run_budget_exhausted", "message": "AI Inventor per-run OpenRouter budget reached for Test idea: $7.12 of $7.00 spent by this run in that phase. This is AI Inventor's internal l
04:24:16|WARNING|[M3c_arb:M3c_arb:560] failed: HTTP 403: {"error": {"code": "aii_run_budget_exhausted", "message": "AI Inventor per-run OpenRouter budget reached for Test idea: $7.12 of $7.00 spent by this run in that phase. This is AI Inventor's internal l
04:24:16|WARNING|[M3c_arb:M3c_arb:567] failed: HTTP 403: {"error": {"code": "aii_run_budget_exhausted", "message": "AI Inventor per-run OpenRouter budget reached for Test idea: $7.12 of $7.00 spent by this run in that phase. This is AI Inventor's internal l
04:24:16|WARNING|[M3c_arb:M3c_arb:563] failed: HTTP 403: {"error": {"code": "aii_run_budget_exhausted", "message": "AI Inventor per-run OpenRouter budget reached for Test idea: $7.12 of $7.00 spent by this run in that phase. This is AI Inventor's internal l
04:24:16|WARNING|[M3c_arb:M3c_arb:564] failed: HTTP 403: {"error": {"code": "aii_run_budget_exhausted", "message": "AI Inventor per-run OpenRouter budget reached for Test idea: $7.12 of $7.00 spent by this run in that phase. This is AI Inventor's internal l
04:24:16|WARNING|[M3c_arb:M3c_arb:566] failed: HTTP 403: {"error": {"code": "aii_run_budget_exhausted", "message": "AI Inventor per-run OpenRouter budget reached for Test idea: $7.12 of $7.00 spent by this run in that phase. This is AI Inventor's internal l
04:24:16|WARNING|[M3c_arb:M3c_arb:568] failed: HTTP 403: {"error": {"code": "aii_run_budget_exhausted", "message": "AI Inventor per-run OpenRouter budget reached for Test idea: $7.12 of $7.00 spent by this run in that phase. This is AI Inventor's internal l
04:24:16|WARNING|[M3c_arb:M3c_arb:569] failed: HTTP 403: {"error": {"code": "aii_run_budget_exhausted", "message": "AI Inventor per-run OpenRouter budget reached for Test idea: $7.12 of $7.00 spent by this run in that phase. This is AI Inventor's internal l
04:24:16|WARNING|[M3c_arb:M3c_arb:573] failed: HTTP 403: {"error": {"code": "aii_run_budget_exhausted", "message": "AI Inventor per-run OpenRouter budget reached for Test idea: $7.12 of $7.00 spent by this run in that phase. This is AI Inventor's internal l
04:24:16|WARNING|[M3c_arb:M3c_arb:570] failed: HTTP 403: {"error": {"code": "aii_run_budget_exhausted", "message": "AI Inventor per-run OpenRouter budget reached for Test idea: $7.12 of $7.00 spent by this run in that phase. This is AI Inventor's internal l
04:24:16|WARNING|[M3c_arb:M3c_arb:574] failed: HTTP 403: {"error": {"code": "aii_run_budget_exhausted", "message": "AI Inventor per-run OpenRouter budget reached for Test idea: $7.12 of $7.00 spent by this run in that phase. This is AI Inventor's internal l
04:24:16|WARNING|[M3c_arb:M3c_arb:572] failed: HTTP 403: {"error": {"code": "aii_run_budget_exhausted", "message": "AI Inventor per-run OpenRouter budget reached for Test idea: $7.12 of $7.00 spent by this run in that phase. This is AI Inventor's internal l
04:24:16|WARNING|[M3c_arb:M3c_arb:571] failed: HTTP 403: {"error": {"code": "aii_run_budget_exhausted", "message": "AI Inventor per-run OpenRouter budget reached for Test idea: $7.12 of $7.00 spent by this run in that phase. This is AI Inventor's internal l
04:24:16|WARNING|[M3c_arb:M3c_arb:575] failed: HTTP 403: {"error": {"code": "aii_run_budget_exhausted", "message": "AI Inventor per-run OpenRouter budget reached for Test idea: $7.12 of $7.00 spent by this run in that phase. This is AI Inventor's internal l
04:24:16|WARNING|[M3c_arb:M3c_arb:576] failed: HTTP 403: {"error": {"code": "aii_run_budget_exhausted", "message": "AI Inventor per-run OpenRouter budget reached for Test idea: $7.12 of $7.00 spent by this run in that phase. This is AI Inventor's internal l
04:24:16|WARNING|[M3c_arb:M3c_arb:577] failed: HTTP 403: {"error": {"code": "aii_run_budget_exhausted", "message": "AI Inventor per-run OpenRouter budget reached for Test idea: $7.12 of $7.00 spent by this run in that phase. This is AI Inventor's internal l
04:24:16|WARNING|[M3c_arb:M3c_arb:578] failed: HTTP 403: {"error": {"code": "aii_run_budget_exhausted", "message": "AI Inventor per-run OpenRouter budget reached for Test idea: $7.12 of $7.00 spent by this run in that phase. This is AI Inventor's internal l
04:24:16|WARNING|[M3c_arb:M3c_arb:583] failed: HTTP 403: {"error": {"code": "aii_run_budget_exhausted", "message": "AI Inventor per-run OpenRouter budget reached for Test idea: $7.12 of $7.00 spent by this run in that phase. This is AI Inventor's internal l
04:24:16|WARNING|[M3c_arb:M3c_arb:579] failed: HTTP 403: {"error": {"code": "aii_run_budget_exhausted", "message": "AI Inventor per-run OpenRouter budget reached for Test idea: $7.12 of $7.00 spent by this run in that phase. This is AI Inventor's internal l
04:24:16|WARNING|[M3c_arb:M3c_arb:580] failed: HTTP 403: {"error": {"code": "aii_run_budget_exhausted", "message": "AI Inventor per-run OpenRouter budget reached for Test idea: $7.12 of $7.00 spent by this run in that phase. This is AI Inventor's internal l
04:24:16|WARNING|[M3c_arb:M3c_arb:585] failed: HTTP 403: {"error": {"code": "aii_run_budget_exhausted", "message": "AI Inventor per-run OpenRouter budget reached for Test idea: $7.12 of $7.00 spent by this run in that phase. This is AI Inventor's internal l
04:24:16|WARNING|[M3c_arb:M3c_arb:581] failed: HTTP 403: {"error": {"code": "aii_run_budget_exhausted", "message": "AI Inventor per-run OpenRouter budget reached for Test idea: $7.12 of $7.00 spent by this run in that phase. This is AI Inventor's internal l
04:24:16|WARNING|[M3c_arb:M3c_arb:582] failed: HTTP 403: {"error": {"code": "aii_run_budget_exhausted", "message": "AI Inventor per-run OpenRouter budget reached for Test idea: $7.12 of $7.00 spent by this run in that phase. This is AI Inventor's internal l
04:24:16|WARNING|[M3c_arb:M3c_arb:584] failed: HTTP 403: {"error": {"code": "aii_run_budget_exhausted", "message": "AI Inventor per-run OpenRouter budget reached for Test idea: $7.12 of $7.00 spent by this run in that phase. This is AI Inventor's internal l
04:24:16|WARNING|[M3c_arb:M3c_arb:586] failed: HTTP 403: {"error": {"code": "aii_run_budget_exhausted", "message": "AI Inventor per-run OpenRouter budget reached for Test idea: $7.12 of $7.00 spent by this run in that phase. This is AI Inventor's internal l
04:24:16|WARNING|[M3c_arb:M3c_arb:587] failed: HTTP 403: {"error": {"code": "aii_run_budget_exhausted", "message": "AI Inventor per-run OpenRouter budget reached for Test idea: $7.12 of $7.00 spent by this run in that phase. This is AI Inventor's internal l
04:24:16|WARNING|[M3c_arb:M3c_arb:592] failed: HTTP 403: {"error": {"code": "aii_run_budget_exhausted", "message": "AI Inventor per-run OpenRouter budget reached for Test idea: $7.12 of $7.00 spent by this run in that phase. This is AI Inventor's internal l
04:24:16|WARNING|[M3c_arb:M3c_arb:591] failed: HTTP 403: {"error": {"code": "aii_run_budget_exhausted", "message": "AI Inventor per-run OpenRouter budget reached for Test idea: $7.12 of $7.00 spent by this run in that phase. This is AI Inventor's internal l
04:24:16|WARNING|[M3c_arb:M3c_arb:588] failed: HTTP 403: {"error": {"code": "aii_run_budget_exhausted", "message": "AI Inventor per-run OpenRouter budget reached for Test idea: $7.12 of $7.00 spent by this run in that phase. This is AI Inventor's internal l
04:24:16|WARNING|[M3c_arb:M3c_arb:593] failed: HTTP 403: {"error": {"code": "aii_run_budget_exhausted", "message": "AI Inventor per-run OpenRouter budget reached for Test idea: $7.12 of $7.00 spent by this run in that phase. This is AI Inventor's internal l
04:24:16|WARNING|[M3c_arb:M3c_arb:589] failed: HTTP 403: {"error": {"code": "aii_run_budget_exhausted", "message": "AI Inventor per-run OpenRouter budget reached for Test idea: $7.12 of $7.00 spent by this run in that phase. This is AI Inventor's internal l
04:24:16|WARNING|[M3c_arb:M3c_arb:590] failed: HTTP 403: {"error": {"code": "aii_run_budget_exhausted", "message": "AI Inventor per-run OpenRouter budget reached for Test idea: $7.12 of $7.00 spent by this run in that phase. This is AI Inventor's internal l
04:24:16|WARNING|[M3c_arb:M3c_arb:594] failed: HTTP 403: {"error": {"code": "aii_run_budget_exhausted", "message": "AI Inventor per-run OpenRouter budget reached for Test idea: $7.12 of $7.00 spent by this run in that phase. This is AI Inventor's internal l
04:24:16|WARNING|[M3c_arb:M3c_arb:595] failed: HTTP 403: {"error": {"code": "aii_run_budget_exhausted", "message": "AI Inventor per-run OpenRouter budget reached for Test idea: $7.12 of $7.00 spent by this run in that phase. This is AI Inventor's internal l
04:24:16|WARNING|[M3c_arb:M3c_arb:597] failed: HTTP 403: {"error": {"code": "aii_run_budget_exhausted", "message": "AI Inventor per-run OpenRouter budget reached for Test idea: $7.12 of $7.00 spent by this run in that phase. This is AI Inventor's internal l
04:24:16|WARNING|[M3c_arb:M3c_arb:596] failed: HTTP 403: {"error": {"code": "aii_run_budget_exhausted", "message": "AI Inventor per-run OpenRouter budget reached for Test idea: $7.12 of $7.00 spent by this run in that phase. This is AI Inventor's internal l
04:24:16|WARNING|[M3c_arb:M3c_arb:598] failed: HTTP 403: {"error": {"code": "aii_run_budget_exhausted", "message": "AI Inventor per-run OpenRouter budget reached for Test idea: $7.12 of $7.00 spent by this run in that phase. This is AI Inventor's internal l
04:24:16|WARNING|[M3c_arb:M3c_arb:602] failed: HTTP 403: {"error": {"code": "aii_run_budget_exhausted", "message": "AI Inventor per-run OpenRouter budget reached for Test idea: $7.12 of $7.00 spent by this run in that phase. This is AI Inventor's internal l
04:24:16|WARNING|[M3c_arb:M3c_arb:599] failed: HTTP 403: {"error": {"code": "aii_run_budget_exhausted", "message": "AI Inventor per-run OpenRouter budget reached for Test idea: $7.12 of $7.00 spent by this run in that phase. This is AI Inventor's internal l
04:24:16|WARNING|[M3c_arb:M3c_arb:600] failed: HTTP 403: {"error": {"code": "aii_run_budget_exhausted", "message": "AI Inventor per-run OpenRouter budget reached for Test idea: $7.12 of $7.00 spent by this run in that phase. This is AI Inventor's internal l
04:24:16|WARNING|[M3c_arb:M3c_arb:601] failed: HTTP 403: {"error": {"code": "aii_run_budget_exhausted", "message": "AI Inventor per-run OpenRouter budget reached for Test idea: $7.12 of $7.00 spent by this run in that phase. This is AI Inventor's internal l
04:24:16|WARNING|[M3c_arb:M3c_arb:604] failed: HTTP 403: {"error": {"code": "aii_run_budget_exhausted", "message": "AI Inventor per-run OpenRouter budget reached for Test idea: $7.12 of $7.00 spent by this run in that phase. This is AI Inventor's internal l
04:24:16|WARNING|[M3c_arb:M3c_arb:605] failed: HTTP 403: {"error": {"code": "aii_run_budget_exhausted", "message": "AI Inventor per-run OpenRouter budget reached for Test idea: $7.12 of $7.00 spent by this run in that phase. This is AI Inventor's internal l
04:24:16|WARNING|[M3c_arb:M3c_arb:603] failed: HTTP 403: {"error": {"code": "aii_run_budget_exhausted", "message": "AI Inventor per-run OpenRouter budget reached for Test idea: $7.12 of $7.00 spent by this run in that phase. This is AI Inventor's internal l
04:24:16|WARNING|[M3c_arb:M3c_arb:609] failed: HTTP 403: {"error": {"code": "aii_run_budget_exhausted", "message": "AI Inventor per-run OpenRouter budget reached for Test idea: $7.12 of $7.00 spent by this run in that phase. This is AI Inventor's internal l
04:24:16|WARNING|[M3c_arb:M3c_arb:608] failed: HTTP 403: {"error": {"code": "aii_run_budget_exhausted", "message": "AI Inventor per-run OpenRouter budget reached for Test idea: $7.12 of $7.00 spent by this run in that phase. This is AI Inventor's internal l
04:24:16|WARNING|[M3c_arb:M3c_arb:610] failed: HTTP 403: {"error": {"code": "aii_run_budget_exhausted", "message": "AI Inventor per-run OpenRouter budget reached for Test idea: $7.12 of $7.00 spent by this run in that phase. This is AI Inventor's internal l
04:24:16|WARNING|[M3c_arb:M3c_arb:606] failed: HTTP 403: {"error": {"code": "aii_run_budget_exhausted", "message": "AI Inventor per-run OpenRouter budget reached for Test idea: $7.12 of $7.00 spent by this run in that phase. This is AI Inventor's internal l
04:24:16|WARNING|[M3c_arb:M3c_arb:607] failed: HTTP 403: {"error": {"code": "aii_run_budget_exhausted", "message": "AI Inventor per-run OpenRouter budget reached for Test idea: $7.12 of $7.00 spent by this run in that phase. This is AI Inventor's internal l
04:24:16|WARNING|[M3c_arb:M3c_arb:611] failed: HTTP 403: {"error": {"code": "aii_run_budget_exhausted", "message": "AI Inventor per-run OpenRouter budget reached for Test idea: $7.12 of $7.00 spent by this run in that phase. This is AI Inventor's internal l
04:24:16|WARNING|[M3c_arb:M3c_arb:612] failed: HTTP 403: {"error": {"code": "aii_run_budget_exhausted", "message": "AI Inventor per-run OpenRouter budget reached for Test idea: $7.12 of $7.00 spent by this run in that phase. This is AI Inventor's internal l
04:24:16|WARNING|[M3c_arb:M3c_arb:616] failed: HTTP 403: {"error": {"code": "aii_run_budget_exhausted", "message": "AI Inventor per-run OpenRouter budget reached for Test idea: $7.12 of $7.00 spent by this run in that phase. This is AI Inventor's internal l
04:24:16|WARNING|[M3c_arb:M3c_arb:618] failed: HTTP 403: {"error": {"code": "aii_run_budget_exhausted", "message": "AI Inventor per-run OpenRouter budget reached for Test idea: $7.12 of $7.00 spent by this run in that phase. This is AI Inventor's internal l
04:24:16|WARNING|[M3c_arb:M3c_arb:613] failed: HTTP 403: {"error": {"code": "aii_run_budget_exhausted", "message": "AI Inventor per-run OpenRouter budget reached for Test idea: $7.12 of $7.00 spent by this run in that phase. This is AI Inventor's internal l
04:24:16|WARNING|[M3c_arb:M3c_arb:615] failed: HTTP 403: {"error": {"code": "aii_run_budget_exhausted", "message": "AI Inventor per-run OpenRouter budget reached for Test idea: $7.12 of $7.00 spent by this run in that phase. This is AI Inventor's internal l
04:24:16|WARNING|[M3c_arb:M3c_arb:614] failed: HTTP 403: {"error": {"code": "aii_run_budget_exhausted", "message": "AI Inventor per-run OpenRouter budget reached for Test idea: $7.12 of $7.00 spent by this run in that phase. This is AI Inventor's internal l
04:24:16|WARNING|[M3c_arb:M3c_arb:617] failed: HTTP 403: {"error": {"code": "aii_run_budget_exhausted", "message": "AI Inventor per-run OpenRouter budget reached for Test idea: $7.12 of $7.00 spent by this run in that phase. This is AI Inventor's internal l
04:24:16|INFO   |[M3c_arb] {"phase": "M3c_arb", "n": 619, "pilot_usd_per_call": 0.0, "projected_usd": 0.0, "spent_before": 0.08834709999999998, "n_paid": 0, "n_cached": 0, "n_failed": 639, "spent_after": 0.08834709999999998, "phase_spent": 0.0} parsed 0/619
04:24:16|INFO   |M3 compute done in 163s
